path,field_ref,field_ref_BAK,object_name,categories,constraints,type,name,description,returns,cms,cms_fields,dev_notes,sen2_ref,ssda903_ref,cin_census_ref,required_enabled,unique_enabled,primary_key,foreign_key
child|identity,PER001A,SSD001,person,identity,,VARCHAR(10),la_person_id,Person Unique ID,SSDA903|CINcensus,liquid_logic|mosaic,liquid_logic : la_person_id|mosaic : la_person_id,,,,LAchildID,Yes,Yes,Yes,
child|identity,PER002A,SSD002,person,identity,,,person_sex,Sex,SSDA903,,liquid_logic : person_sex|mosaic : person_sex,,,Sex,,,,,
child|identity,PER003A,SSD003,person,identity,,,person_gender,Gender,CINcensus,,liquid_logic : person_gender|mosaic : person_gender,,,,,,,,
child|identity,PER004A,SSD004,person,identity,,VARCHAR(4),person_ethnicity,Ethnicity,SSDA903|CINcensus,,liquid_logic : person_ethnicity|mosaic : person_ethnicity,,,Ethnicity,Ethnicity,,,,
child|identity,PER005A,SSD005,person,identity,,DATE,person_dob,Date of Birth,SSDA903|CINcensus,,liquid_logic : person_dob|mosaic : person_dob,,,PersonBirthDate,PersonBirthDate,,,,
child|identity,PER006A,SSD006,person,identity,,CHAR(13),person_upn,UPN,SSDA903,,liquid_logic : person_upn|mosaic : person_upn,,,UPN,,,,,
child|identity,PER007A,SSD007,person,identity,,CHAR(3),person_upn_unknown,UPN Unknown,SSDA903,,liquid_logic : person_upn_unknown|mosaic : person_upn_unknown,,,UPNunknown,,,,,
child|identity,PER008A,SSD008,person,identity,,BOOLEAN,person_send,SEND Flag,NEETandparticipation,,liquid_logic : person_send|mosaic : person_send,,,,,,,,
child|identity,PER009A,SSD009,person,identity,,DATE,person_expected_dob,Expected Birth Date,CINcensus,,liquid_logic : person_expected_dob|mosaic : person_expected_dob,,,,ExpectedPersonBirthDate,,,,
child|identity,PER010A,SSD010,person,identity,,DATE,person_death_date,Date of Death,CINcensus,,liquid_logic : person_death_date|mosaic : person_death_date,,,,PersonDeathDate,,,,
child|identity,PER011A,SSD011,person,identity,,BOOLEAN,person_is_mother,Mother,SSDA903,,liquid_logic : person_is_mother|mosaic : person_is_mother,,,MOTHER,,,,,
child|identity,PER012A,SSD012,person,identity,,,person_nationality,Country of Origin (UASC),ADCS_SP,,liquid_logic : person_nationality|mosaic : person_nationality,,,,,,,,
child|identity|family,FAM001A,SSD013,family,identity|family,,,family_id,Family identifier,ASGLB|AnnexA,,liquid_logic : family_id|mosaic : family_id,,,,,Yes,Yes,Yes,
child|identity|family,FAM002A,SSD014,family,identity|family,,VARCHAR(10),la_person_id,Person Unique ID,SSDA903|CINcensus,liquid_logic|mosaic,liquid_logic : la_person_id|mosaic : la_person_id,,,,LAchildID,Yes,,,person.la_person_id
child|identity|address,ADD001A,SSD015,address,identity|address,,,address,Address,Local,,liquid_logic : address|mosaic : address,Place based context,,,,Yes,Yes,Yes,
child|identity|address,ADD002A,SSD016,address,identity|address,,VARCHAR(10),la_person_id,Person Unique ID,SSDA903|CINcensus,liquid_logic|mosaic,liquid_logic : la_person_id|mosaic : la_person_id,,,,LAchildID,,,,person.la_person_id
child|identity|address,ADD003A,SSD017,address,identity|address,,,address_type,Address Type,Local,,liquid_logic : address_type|mosaic : address_type,,,,,,,,
child|identity|address,ADD004A,SSD018,address,identity|address,,DATE,address_start,Address Start Date/ From,Local,,liquid_logic : address_start|mosaic : address_start,Place based context,,,,,,,
child|identity|address,ADD005A,SSD019,address,identity|address,,DATE,address_end,Address End Date/ To,Local,,liquid_logic : address_end|mosaic : address_end,Place based context,,,,,,,
child|identity|disability,DIS001A,SSD020,disability,identity|disability,,VARCHAR(10),la_person_id,Person Unique ID,SSDA903|CINcensus,liquid_logic|mosaic,liquid_logic : la_person_id|mosaic : la_person_id,,,,LAchildID,Yes,Yes,Yes,person.la_person_id
child|identity|disability,DIS002A,SSD021,disability,identity|disability,,,person_disability,Disability Code,CINcensus,,liquid_logic : person_disability|mosaic : person_disability,,,,Disability,Yes,Yes,Yes,
child|identity|immigration_status,IMM001A,SSD022,immigration_status,identity|immigration|uasc,,VARCHAR(10),la_person_id,Person Unique ID,SSDA903|CINcensus,liquid_logic|mosaic,liquid_logic : la_person_id|mosaic : la_person_id,,,,LAchildID,,Yes,Yes,person.la_person_id
child|identity|immigration_status,IMM002A,SSD023,immigration_status,identity|immigration|uasc,,,immigration_status,Immigration Status,Local,,liquid_logic : immigration_status|mosaic : immigration_status,Capture UASC process,,,,,,,
child|identity|immigration_status,IMM003A,SSD024,immigration_status,identity|immigration|uasc,,DATE,immigration_status_start,Immigration Status Start,Local,,liquid_logic : immigration_status_start|mosaic : immigration_status_start,Capture UASC process,,,,,,,
child|identity|immigration_status,IMM004A,SSD025,immigration_status,identity|immigration|uasc,,DATE,immigration_status_end,Immigration Status End,Local,,liquid_logic : immigration_status_end|mosaic : immigration_status_end,Capture UASC process,,,,,,,
child|identity|mother,MOT001A,SSD026,mother,identity|looked_after|mother,,VARCHAR(10),person_child_id,Mothers Person Unique ID,Local,,liquid_logic : person_child_id|mosaic : person_child_id,Enable link from mother to child,,,,Yes,Yes,Yes,
child|identity|mother,MOT002A,SSD027,mother,identity|looked_after|mother,,VARCHAR(10),la_person_id,Person Unique ID (Mother),SSDA903|CINcensus,liquid_logic|mosaic,liquid_logic : la_person_id|mosaic : la_person_id,,,,LAchildID,Yes,,,person.la_person_id
child|identity|mother,MOT003A,SSD028,mother,identity|looked_after|mother,,DATE,person_child_dob,Date of birth of mothers child,SSDA903,,liquid_logic : person_child_dob|mosaic : person_child_dob,,,MC_DOB,,,,,
child|identity|legal_status,LEG001A,SSD029,legal_status,identity|looked_after|permanence,,,legal_status_id,Legal Status ID,,,liquid_logic : legal_status_id|mosaic : legal_status_id,,,,,Yes,Yes,Yes,
child|identity|legal_status,LEG002A,SSD030,legal_status,identity|looked_after|permanence,,VARCHAR(10),la_person_id,Person Unique ID,SSDA903|CINcensus,liquid_logic|mosaic,liquid_logic : la_person_id|mosaic : la_person_id,,,,LAchildID,Yes,,,person.la_person_id
child|identity|legal_status,LEG003A,SSD031,legal_status,identity|looked_after|permanence,,,legal_status,Legal Status,SSDA903|AnnexA,,liquid_logic : legal_status|mosaic : legal_status,,,LS,,,,,
child|identity|legal_status,LEG004A,SSD032,legal_status,identity|looked_after|permanence,,DATE,legal_status_start,Legal Status Start Date,Local,,liquid_logic : legal_status_start|mosaic : legal_status_start,Separating Legal Status from CLA Episodes,,,,,,,
child|identity|legal_status,LEG005A,SSD033,legal_status,identity|looked_after|permanence,,DATE,legal_status_end,Legal Status End Date,Local,,liquid_logic : legal_status_end|mosaic : legal_status_end,Separating Legal Status from CLA Episodes,,,,,,,
child|contacts,CON001A,SSD034,contacts,contact,,VARCHAR(),contact_id,Contact ID,,,liquid_logic : contact_id|mosaic : contact_id,,,,,Yes,Yes,Yes,
child|contacts,CON002A,SSD035,contacts,contact,,VARCHAR(10),la_person_id,Person Unique ID,SSDA903|CINcensus,liquid_logic|mosaic,liquid_logic : la_person_id|mosaic : la_person_id,,,,LAchildID,Yes,,,person.la_person_id
child|contacts,CON003A,SSD036,contacts,contact,,DATE,contact_date,Date of Contact,AnnexA,,liquid_logic : contact_date|mosaic : contact_date,,,,ContactDate,,,,
child|contacts,CON004A,SSD037,contacts,contact,,,contact_source,Contact Source,AnnexA,,liquid_logic : contact_source|mosaic : contact_source,,,,ContactSource,,,,
child|contacts,CON005A,SSD038,contacts,contact,,,contact_outcome,Contact Outcome ,ADCS_SP,,liquid_logic : contact_outcome|mosaic : contact_outcome,,,,,,,,
child|early_help_episodes,EAR001A,SSD039,early_help_episodes,early_help,,VARCHAR(),eh_episode_id,EH Episode ID,,,liquid_logic : eh_episode_id|mosaic : eh_episode_id,,,,,Yes,Yes,Yes,
child|early_help_episodes,EAR002A,SSD040,early_help_episodes,early_help,,VARCHAR(10),la_person_id,Person Unique ID,SSDA903|CINcensus,liquid_logic|mosaic,liquid_logic : la_person_id|mosaic : la_person_id,,,,LAchildID,Yes,,,person.la_person_id
child|early_help_episodes,EAR003A,SSD041,early_help_episodes,early_help,,DATE,eh_epi_start_date,EH Episode Start Date,AnnexA,,liquid_logic : eh_epi_start_date|mosaic : eh_epi_start_date,,,,,,,,
child|early_help_episodes,EAR004A,SSD042,early_help_episodes,early_help,,DATE,eh_epi_end_date,EH Episode End Date,AnnexA,,liquid_logic : eh_epi_end_date|mosaic : eh_epi_end_date,,,,,,,,
child|early_help_episodes,EAR005A,SSD043,early_help_episodes,early_help,,,eh_epi_reason,EH Episode Reason for Involvement,ADCS_SP,,liquid_logic : eh_epi_reason|mosaic : eh_epi_reason,,,,,,,,
child|early_help_episodes,EAR006A,SSD044,early_help_episodes,early_help,,,eh_epi_end_reason,EH Episode End Reason,ADCS_SP,,liquid_logic : eh_epi_end_reason|mosaic : eh_epi_end_reason,,,,,,,,
child|early_help_episodes,EAR007A,SSD045,early_help_episodes,early_help,,,eh_epi_org,EH Episode Allocated Organisation,AnnexA,,liquid_logic : eh_epi_org|mosaic : eh_epi_org,,,,,,,,
child|early_help_episodes,EAR008A,SSD046,early_help_episodes,early_help,,,eh_epi_worker,EH Episode Allocated Worker,Local,,liquid_logic : eh_epi_worker|mosaic : eh_epi_worker,,,,,,,,
child|cin_episodes,CIN001A,SSD047,cin_episodes,child_in_need|referral,,VARCHAR(),cin_referral_id,CIN Referral ID,,,liquid_logic : cin_referral_id|mosaic : cin_referral_id,,,,,Yes,Yes,Yes,
child|cin_episodes,CIN002A,SSD048,cin_episodes,child_in_need,,VARCHAR(10),la_person_id,Person Unique ID,SSDA903|CINcensus,liquid_logic|mosaic,liquid_logic : la_person_id|mosaic : la_person_id,,,,LAchildID,Yes,,,person.la_person_id
child|cin_episodes,CIN003A,SSD049,cin_episodes,child_in_need|referral,,DATE,cin_ref_date,CIN Referral Date,CINcensus|AnnexA,,liquid_logic : cin_ref_date|mosaic : cin_ref_date,,,,CINreferralDate,,,,
child|cin_episodes,CIN004A,SSD050,cin_episodes,child_in_need|referral,,,cin_ref_source,CIN Referral Source,CINcensus|AnnexA,,liquid_logic : cin_ref_source|mosaic : cin_ref_source,,,,ReferralSource,,,,
child|cin_episodes,CIN005A,SSD051,cin_episodes,child_in_need|referral,,,cin_ref_outcome,CIN Referral Outcome,CINcensus|AnnexA,,liquid_logic : cin_ref_outcome|mosaic : cin_ref_outcome,,,,,,,,
child|cin_episodes,CIN006A,SSD052,cin_episodes,child_in_need,,,cin_close_reason,CIN Closure Reason,CINcensus,,liquid_logic : cin_close_reason|mosaic : cin_close_reason,,,,ReasonForClosure,,,,
child|cin_episodes,CIN007A,SSD053,cin_episodes,child_in_need,,DATE,cin_close_date,CIN Closure Date,CINcensus,,liquid_logic : cin_close_date|mosaic : cin_close_date,,,,CINclosureDate,,,,
child|cin_episodes,CIN008A,SSD054,cin_episodes,child_in_need|referral,,,cin_ref_team,CIN Referral Completed by Team,AnnexA,,liquid_logic : cin_ref_team|mosaic : cin_ref_team,,,,,,,,
child|cin_episodes,CIN009A,SSD055,cin_episodes,child_in_need|referral,,,cin_ref_worker,CIN Referral Completed by Worker,AnnexA,,liquid_logic : cin_ref_worker|mosaic : cin_ref_worker,,,,,,,,
child|cin_episodes|assessments,ASM001A,SSD056,assessments,child_in_need|assessment,,VARCHAR(),assessment_id,Assessment ID,,,liquid_logic : assessment_id|mosaic : assessment_id,,,,,Yes,Yes,Yes,
child|cin_episodes|assessments,ASM002A,SSD057,assessments,child_in_need|assessment,,VARCHAR(10),la_person_id,Person Unique ID,SSDA903|CINcensus,liquid_logic|mosaic,liquid_logic : la_person_id|mosaic : la_person_id,,,,LAchildID,Yes,,,person.la_person_id
child|cin_episodes|assessments,ASM003A,SSD058,assessments,child_in_need|assessment,,DATE,asmt_start_date,Assessment Start Date,CINcensus,,liquid_logic : asmt_start_date|mosaic : asmt_start_date,,,,AssessmentActualStartDate,,,,
child|cin_episodes|assessments,ASM004A,SSD059,assessments,child_in_need|assessment,,BOOLEAN,asmt_child_seen,Child Seen During Assessment,AnnexA,,liquid_logic : asmt_child_seen|mosaic : asmt_child_seen,,,,,,,,
child|cin_episodes|assessments,ASM005A,SSD060,assessments,child_in_need|assessment,,DATE,asmt_auth_date,Assessment Authorised Date,CINcensus,,liquid_logic : asmt_auth_date|mosaic : asmt_auth_date,,,,AssessmentAuthorisationDate,,,,
child|cin_episodes|assessments,ASM006A,SSD061,assessments,child_in_need|assessment,,,asmt_outcome,Assessment Outcome,AnnexA,,liquid_logic : asmt_outcome|mosaic : asmt_outcome,,,,,,,,
child|cin_episodes|assessments,ASM007A,SSD062,assessments,child_in_need|assessment,,,asmt_team,Assessment Completed by Team,AnnexA,,liquid_logic : asmt_team|mosaic : asmt_team,,,,,,,,
child|cin_episodes|assessments,ASM008A,SSD063,assessments,child_in_need|assessment,,,asmt_worker,Assessment Completed by Worker,AnnexA,,liquid_logic : asmt_worker|mosaic : asmt_worker,,,,,,,,
child|cin_episodes|assessments|assessment_factors,ASF001A,SSD064,assessment_factors,child_in_need|assessment,,VARCHAR(),asmt_id,Assessment ID,,,liquid_logic : asmt_id|mosaic : asmt_id,,,,,Yes,Yes,Yes,assessments.assessment_id
child|cin_episodes|assessments|assessment_factors,ASF002A,SSD065,assessment_factors,child_in_need|assessment,,,asmt_factors,Assessment Factors,CINcensus,,liquid_logic : asmt_factors|mosaic : asmt_factors,,,,AssessmentFactors,,,,
child|cin_episodes|cin_plans,CNP001A,SSD066,cin_plans,child_in_need|cin_plan,,VARCHAR(),cin_plan_id,CIN Plan ID,,,liquid_logic : cin_plan_id|mosaic : cin_plan_id,,,,,Yes,Yes,Yes,
child|cin_episodes|cin_plans,CNP002A,SSD067,cin_plans,child_in_need|cin_plan,,VARCHAR(10),la_person_id,Person Unique ID,SSDA903|CINcensus,liquid_logic|mosaic,liquid_logic : la_person_id|mosaic : la_person_id,,,,LAchildID,Yes,,,person.la_person_id
child|cin_episodes|cin_plans,CNP003A,SSD068,cin_plans,child_in_need|cin_plan,,DATE,cin_plan_Start,CIN Plan Start Date,CINcensus,,liquid_logic : cin_plan_Start|mosaic : cin_plan_Start,,,,CINPlanStartDate,,,,
child|cin_episodes|cin_plans,CNP004A,SSD069,cin_plans,child_in_need|cin_plan,,DATE,cin_plan_end,CIN Plan End Date,CINcensus,,liquid_logic : cin_plan_end|mosaic : cin_plan_end,,,,CINPlanEndDate,,,,
child|cin_episodes|cin_plans,CNP005A,SSD070,cin_plans,child_in_need|cin_plan,,,cin_team,CIN Allocated Team,AnnexA,,liquid_logic : cin_team|mosaic : cin_team,,,,,,,,
child|cin_episodes|cin_plans,CNP006A,SSD071,cin_plans,child_in_need|cin_plan,,,cin_worker,CIN Allocated Worker,AnnexA,,liquid_logic : cin_worker|mosaic : cin_worker,,,,,,,,
child|cin_episodes|cin_plans|cin_visits,CNV001A,SSD072,cin_visits,child_in_need|cin_plan|visit,,VARCHAR(),cin_visit_id,CIN Visit ID,,,liquid_logic : cin_visit_id|mosaic : cin_visit_id,,,,,Yes,Yes,Yes,
child|cin_episodes|cin_plans|cin_visits,CNV002A,SSD073,cin_visits,child_in_need|cin_plan|visit,,VARCHAR(),cin_plan_id,CIN Plan ID,,,liquid_logic : cin_plan_id|mosaic : cin_plan_id,,,,,,,,cin_plans.cin_plan_id
child|cin_episodes|cin_plans|cin_visits,CNV003A,SSD074,cin_visits,child_in_need|cin_plan|visit,,DATE,cin_visit_date,CIN Visit Date,Local,,liquid_logic : cin_visit_date|mosaic : cin_visit_date,Frequency of Visits,,,,,,,
child|cin_episodes|cin_plans|cin_visits,CNV004A,SSD075,cin_visits,child_in_need|cin_plan|visit,,BOOLEAN,cin_visit_seen,Child Seen,AnnexA,,liquid_logic : cin_visit_seen|mosaic : cin_visit_seen,,,,,,,,
child|cin_episodes|cin_plans|cin_visits,CNV005A,SSD076,cin_visits,child_in_need|cin_plan|visit,,BOOLEAN,cin_visit_seen_alone,Child Seen Alone,Local,,liquid_logic : cin_visit_seen_alone|mosaic : cin_visit_seen_alone,Child not spoken to enough (National Review),,,,,,,
child|cin_episodes|cin_plans|cin_visits,CNV006A,SSD077,cin_visits,child_in_need|cin_plan|visit,,BOOLEAN,cin_visit_bedroom,Child Bedroom Seen,Local,,liquid_logic : cin_visit_bedroom|mosaic : cin_visit_bedroom,,,,,,,,
child|cin_episodes|s47_enquiry_icpc,S47001A,SSD078,s47_enquiry_icpc,s47_enquiry|child_protection,,VARCHAR(),s47_enquiry_id,S47 Enquiry ID,,,liquid_logic : s47_enquiry_id|mosaic : s47_enquiry_id,,,,,Yes,Yes,Yes,
child|cin_episodes|s47_enquiry_icpc,S47002A,SSD079,s47_enquiry_icpc,s47_enquiry|child_protection,,VARCHAR(10),la_person_id,Person Unique ID,SSDA903|CINcensus,liquid_logic|mosaic,liquid_logic : la_person_id|mosaic : la_person_id,,,,LAchildID,Yes,,,person.la_person_id
child|cin_episodes|s47_enquiry_icpc,S47003A,SSD080,s47_enquiry_icpc,s47_enquiry|child_protection,,DATE,strat_initiating_s47_date,Strategy Discussion initiating S47 Enquiry Start Date,AnnexA,,liquid_logic : strat_initiating_s47_date|mosaic : strat_initiating_s47_date,,,,,,,,
child|cin_episodes|s47_enquiry_icpc,S47004A,SSD081,s47_enquiry_icpc,s47_enquiry|child_protection,,DATE,s47_start_date,S47 Start Date,CINcensus,,liquid_logic : s47_start_date|mosaic : s47_start_date,,,,S47ActualStartDate,,,,
child|cin_episodes|s47_enquiry_icpc,S47005A,SSD082,s47_enquiry_icpc,s47_enquiry|child_protection,,DATE,s47_completed_date,S47 Completed Date,,,liquid_logic : s47_completed_date|mosaic : s47_completed_date,,,,,,,,
child|cin_episodes|s47_enquiry_icpc,S47006A,SSD083,s47_enquiry_icpc,s47_enquiry|child_protection,,,s47outcome,S47 Outcome,CINcensus,,liquid_logic : s47outcome|mosaic : s47outcome,,,,ICPCnotRequired,,,,
child|cin_episodes|s47_enquiry_icpc,S47007A,SSD084,s47_enquiry_icpc,initial_cp_conference|child_protection,,DATE,icpc_date,Date of Initial CP Conference,CINcensus,,liquid_logic : icpc_date|mosaic : icpc_date,,,,DateOfInitialCPC,,,,
child|cin_episodes|s47_enquiry_icpc,S47008A,SSD085,s47_enquiry_icpc,initial_cp_conference|child_protection,,,icpc_outcome,Outcome of Initial CP Conference,AnnexA,,liquid_logic : icpc_outcome|mosaic : icpc_outcome,,,,,,,,
child|cin_episodes|s47_enquiry_icpc,S47009A,SSD086,s47_enquiry_icpc,initial_cp_conference|child_protection,,,icpc_team,S47/ ICPC Allocated Team,AnnexA,,liquid_logic : icpc_team|mosaic : icpc_team,,,,,,,,
child|cin_episodes|s47_enquiry_icpc,S47010A,SSD087,s47_enquiry_icpc,initial_cp_conference|child_protection,,,icpc_worker,S47/ ICPC Allocated Worker,AnnexA,,liquid_logic : icpc_worker|mosaic : icpc_worker,,,,,,,,
child|cin_episodes|cp_plans,CPP001A,SSD088,cp_plans,child_protection|cp_plan,,VARCHAR(),cp_plan_id,CP Plan ID,,,liquid_logic : cp_plan_id|mosaic : cp_plan_id,,,,,Yes,Yes,Yes,
child|cin_episodes|cp_plans,CPP002A,SSD089,cp_plans,child_protection|cp_plan,,VARCHAR(10),la_person_id,Person Unique ID,SSDA903|CINcensus,liquid_logic|mosaic,liquid_logic : la_person_id|mosaic : la_person_id,,,,LAchildID,Yes,,,person.la_person_id
child|cin_episodes|cp_plans,CPP003A,SSD090,cp_plans,child_protection|cp_plan,,DATE,cpp_start_date,CP Plan Start Date,CINcensus|AnnexA,,liquid_logic : cpp_start_date|mosaic : cpp_start_date,,,,CPPstartDate,,,,
child|cin_episodes|cp_plans,CPP004A,SSD091,cp_plans,child_protection|cp_plan,,DATE,cpp_end_date,CP Plan End Date,CINcensus|AnnexA,,liquid_logic : cpp_end_date|mosaic : cpp_end_date,,,,CPPendDate,,,,
child|cin_episodes|cp_plans,CPP005A,SSD092,cp_plans,child_protection|cp_plan,,,cpp_team,CP Plan Allocated Team,AnnexA,,liquid_logic : cpp_team|mosaic : cpp_team,,,,,,,,
child|cin_episodes|cp_plans,CPP006A,SSD093,cp_plans,child_protection|cp_plan,,,cpp_worker,CP Plan Allocated Worker,AnnexA,,liquid_logic : cpp_worker|mosaic : cpp_worker,,,,,,,,
child|cin_episodes|cp_plans|category_of_abuse,CAT001A,SSD095A,category_of_abuse,child_protection|cp_plan,,VARCHAR(),cpp_category_id,Category of Abuse id,,,liquid_logic : cpp_category_id|mosaic : cpp_category_id,,,,CategoryOfAbuse,Yes,Yes,Yes,
child|cin_episodes|cp_plans|category_of_abuse,CAT002A,SSD094,category_of_abuse,child_protection|cp_plan,,VARCHAR(),cp_plan_id,CP Plan ID,,,liquid_logic : cp_plan_id|mosaic : cp_plan_id,,,,,Yes,Yes,,cp_plans.cp_plan_id
child|cin_episodes|cp_plans|category_of_abuse,CAT003A,SSD095,category_of_abuse,child_protection|cp_plan,,,cpp_category,Category of Abuse,CINcensus,,liquid_logic : cpp_category|mosaic : cpp_category,,,,CategoryOfAbuse,,,,
child|cin_episodes|cp_plans|category_of_abuse,CAT004A,SSD096,category_of_abuse,child_protection|cp_plan,,,cpp_category_start,Category of Abuse Start Date,Local,,liquid_logic : cpp_category_start|mosaic : cpp_category_start,Allow tracking of changes over time,,,,,,,
child|cin_episodes|cp_plans|cp_visits,CPV001A,SSD097,cp_visits,child_protection|cp_plan|visit,,VARCHAR(),cp_plan_id,CP Plan ID,,,liquid_logic : cp_plan_id|mosaic : cp_plan_id,,,,,Yes,Yes,Yes,cp_plans.cp_plan_id
child|cin_episodes|cp_plans|cp_visits,CPV002A,SSD098,cp_visits,child_protection|cp_plan|visit,,VARCHAR(),cp_visit_id,CP Visit ID,,,liquid_logic : cp_visit_id|mosaic : cp_visit_id,,,,,,,,
child|cin_episodes|cp_plans|cp_visits,CPV003A,SSD099,cp_visits,child_protection|cp_plan|visit,,DATE,cp_visit_date,Date of Visit,AnnexA,,liquid_logic : cp_visit_date|mosaic : cp_visit_date,,,,,,,,
child|cin_episodes|cp_plans|cp_visits,CPV004A,SSD100,cp_visits,child_protection|cp_plan|visit,,BOOLEAN,cp_visit_seen,Child Seen,Local,,liquid_logic : cp_visit_seen|mosaic : cp_visit_seen,Child Seen Alone at least on alternate visits,,,,,,,
child|cin_episodes|cp_plans|cp_visits,CPV005A,SSD101,cp_visits,child_protection|cp_plan|visit,,BOOLEAN,cp_visit_seen_alone,Child Seen Alone,AnnexA,,liquid_logic : cp_visit_seen_alone|mosaic : cp_visit_seen_alone,,,,,,,,
child|cin_episodes|cp_plans|cp_visits,CPV006A,SSD102,cp_visits,child_protection|cp_plan|visit,,BOOLEAN,cp_visit_bedroom,Child Bedroom Seen,Local,,liquid_logic : cp_visit_bedroom|mosaic : cp_visit_bedroom,Child Bedroom Seen at least on alternate visits,,,,,,,
child|cin_episodes|cp_plans|cp_reviews,CPR001A,SSD103,cp_reviews,child_protection|cp_plan|review,,VARCHAR(),cp_review_id,Review ID,,,liquid_logic : cp_review_id|mosaic : cp_review_id,,,,,Yes,Yes,Yes,
child|cin_episodes|cp_plans|cp_reviews,CPR002A,SSD104,cp_reviews,child_protection|cp_plan|review,,VARCHAR(),cp_plan_id,CP Plan ID,,,liquid_logic : cp_plan_id|mosaic : cp_plan_id,,,,,,,,cp_plans.cp_plan_id
child|cin_episodes|cp_plans|cp_reviews,CPR003A,SSD105,cp_reviews,child_protection|cp_plan|review,,DATE,cp_rev_due,Review Due Date,Local,,liquid_logic : cp_rev_due|mosaic : cp_rev_due,Timeliness of Review,,,,,,,
child|cin_episodes|cp_plans|cp_reviews,CPR004A,SSD106,cp_reviews,child_protection|cp_plan|review,,DATE,cp_rev_date,Date of Review,CINcensus|AnnexA,,liquid_logic : cp_rev_date|mosaic : cp_rev_date,,,,CPPreviewDate,,,,
child|cin_episodes|cp_plans|cp_reviews,CPR005A,SSD107,cp_reviews,child_protection|cp_plan|review,,BOOLEAN,cp_rev_outcome,CP Plan to Continue?,Local,,liquid_logic : cp_rev_outcome|mosaic : cp_rev_outcome,Outcome of Review,,,,,,,
child|cin_episodes|cp_plans|cp_reviews,CPR006A,SSD108,cp_reviews,child_protection|cp_plan|review,,BOOLEAN,cp_rev_quorate,Quorate?,Local,,liquid_logic : cp_rev_quorate|mosaic : cp_rev_quorate,Multi-agency working,,,,,,,
child|cin_episodes|cp_plans|cp_reviews,CPR007A,SSD109,cp_reviews,child_protection|cp_plan|review,,,cp_rev_participation,Child Participation at Review,Local,,liquid_logic : cp_rev_participation|mosaic : cp_rev_participation,Voice of the Child,,,,,,,
child|cin_episodes|cp_plans|cp_reviews,CPR008A,SSD110,cp_reviews,child_protection|cp_plan|review,,,cp_rev_cyp_views_quality,Quality of representation of CYP views/ experience,1a|draft,,liquid_logic : cp_rev_cyp_views_quality|mosaic : cp_rev_cyp_views_quality,Child Views captured by CPA/ IRO,,,,,,,
child|cin_episodes|cp_plans|cp_reviews,CPR009A,SSD111,cp_reviews,child_protection|cp_plan|review,,,cp_rev_sufficient_prog,"Sufficient progress made against the CP Plan to improve outcomes for the child?	",1a|draft,,liquid_logic : cp_rev_sufficient_prog|mosaic : cp_rev_sufficient_prog,Outcomes captured by CPA/ IRO,,,,,,,
child|cin_episodes|cp_plans|cp_reviews|risks,CPK010A,SSD112,cp_reviews_risks,child_protection|cp_plan|review,,VARCHAR(),cp_review_id,Review ID,,,liquid_logic : cp_review_id|mosaic : cp_review_id,,,,,Yes,Yes,Yes,cp_reviews.cp_review_id
child|cin_episodes|cp_plans|cp_reviews|risks,CPK011A,SSD113,cp_reviews_risks,child_protection|cp_plan|review,,,cp_review_risks,Risks to child at this conference,1a|draft,,liquid_logic : cp_review_risks|mosaic : cp_review_risks,Cature changing risks across reviews,,,,,,,
child|cla_episodes,CLA001A,SSD114,cla_episodes,looked_after,,VARCHAR(),cla_episode_id,Episode ID,,,liquid_logic : cla_episode_id|mosaic : cla_episode_id,,,,,Yes,Yes,Yes,
child|cla_episodes,CLA002A,SSD115,cla_episodes,looked_after,,VARCHAR(10),la_person_id,Person Unique ID,SSDA903|CINcensus,liquid_logic|mosaic,liquid_logic : la_person_id|mosaic : la_person_id,,,,LAchildID,Yes,,,person.la_person_id
child|cla_episodes,CLA003A,SSD116,cla_episodes,looked_after,,DATE,cla_epi_start,Date Episode Commenced,SSDA903,,liquid_logic : cla_epi_start|mosaic : cla_epi_start,,,DECOM,,,,,
child|cla_episodes,CLA004A,SSD117,cla_episodes,looked_after,,,cla_epi_start_reason,Reason for New CLA Episode,SSDA903,,liquid_logic : cla_epi_start_reason|mosaic : cla_epi_start_reason,,,RNE,,,,,
child|cla_episodes,CLA005A,SSD118,cla_episodes,looked_after,,DATE,cla_epi_ceased,Date Episode Ceased,SSDA903|AnnexA,,liquid_logic : cla_epi_ceased|mosaic : cla_epi_ceased,,,DEC,,,,,
child|cla_episodes,CLA006A,SSD119,cla_episodes,looked_after,,,cla_epi_cease_reason,Reason Episode Ceased,SSDA903|AnnexA,,liquid_logic : cla_epi_cease_reason|mosaic : cla_epi_cease_reason,,,REC,,,,,
child|cla_episodes,CLA007A,SSD120,cla_episodes,looked_after,,,cla_team,Allocated Team,AnnexA,,liquid_logic : cla_team|mosaic : cla_team,,,,,,,,
child|cla_episodes,CLA008A,SSD121,cla_episodes,looked_after,,,cla_worker,Allocated Worker,AnnexA,,liquid_logic : cla_worker|mosaic : cla_worker,,,,,,,,
child|cla_episodes|placement,PLA001A,SSD122,placement,looked_after|placement,,VARCHAR(),placement_id,Placement ID,,,liquid_logic : placement_id|mosaic : placement_id,,,,,Yes,Yes,Yes,
child|cla_episodes|placement,PLA002A,SSD123,placement,looked_after|placement,,VARCHAR(),cla_episode_id,Episode ID,,,liquid_logic : cla_episode_id|mosaic : cla_episode_id,,,,,,,,cla_episodes.cla_episode_id
child|cla_episodes|placement,PLA003A,SSD124,placement,looked_after|placement,,DATE,place_start,Placement Start Date,SSDA903|AnnexA,Local,liquid_logic : place_start|mosaic : place_start,Separating Placement from CLA Episodes,,,,,,,
child|cla_episodes|placement,PLA004A,SSD125,placement,looked_after|placement,,,place_type,Placement Type,SSDA903|AnnexA,,liquid_logic : place_type|mosaic : place_type,,,PL,,,,,
child|cla_episodes|placement,PLA005A,SSD126,placement,looked_after|placement,,VARCHAR(8),place_urn,URN of Placement,SSDA903|AnnexA,,liquid_logic : place_urn|mosaic : place_urn,,,URN,,,,,
child|cla_episodes|placement,PLA006A,SSD127,placement,looked_after|placement,,,place_la,LA of Placement,SSDA903|AnnexA,,liquid_logic : place_la|mosaic : place_la,,,PL_LA,,,,,
child|cla_episodes|placement,PLA007A,SSD128,placement,looked_after|placement,,,place_provider,Placement Provider,SSDA903,,liquid_logic : place_provider|mosaic : place_provider,,,PLACE_PROVIDER,,,,,
child|cla_episodes|placement,PLA008A,SSD129,placement,looked_after|placement,,,place_postcode,Placement Postcode,AnnexA,,liquid_logic : place_postcode|mosaic : place_postcode,,,PL_POST,,,,,
child|cla_episodes|placement,PLA009A,SSD130,placement,looked_after|placement,,DATE,place_end,Placement End Date,SSDA903,Local,liquid_logic : place_end|mosaic : place_end,Separating Placement from CLA Episodes,,,,,,,
child|cla_episodes|placement,PLA010A,SSD131,placement,looked_after|placement,,,place_change_reason,Reason for Placement Change,SSDA903,,liquid_logic : place_change_reason|mosaic : place_change_reason,,,REASON_PLACE_CHANGE,,,,,
child|cla_episodes|cla_reviews,CLR001A,SSD132,cla_reviews,looked_after|review,,,review_id,Review ID,,,liquid_logic : review_id|mosaic : review_id,,,,,Yes,Yes,Yes,
child|cla_episodes|cla_reviews,CLR002A,SSD133,cla_reviews,looked_after|review,,,cla_episode_id,Episode ID,,,liquid_logic : cla_episode_id|mosaic : cla_episode_id,,,,,Yes,,,cla_episodes.cla_episode_id
child|cla_episodes|cla_reviews,CLR003A,SSD134,cla_reviews,looked_after|review,,DATE,rev_due_date,CLA Review Due Date,Local,,liquid_logic : rev_due_date|mosaic : rev_due_date,Timeliness of Review,,,,,,,
child|cla_episodes|cla_reviews,CLR004A,SSD135,cla_reviews,looked_after|review,,DATE,rev_date,CLA Review Date,SSDA903|AnnexA,,liquid_logic : rev_date|mosaic : rev_date,,,REVIEW,,,,,
child|cla_episodes|cla_reviews,CLR005A,SSD136,cla_reviews,looked_after|review,,,rev_cyp_involved_care_plan,Has the child/young person been involved in formulating this Care Plan?,1a|draft,,liquid_logic : rev_cyp_involved_care_plan|mosaic : rev_cyp_involved_care_plan,Child Views captured by CPA/ IRO,,,,,,,
child|cla_episodes|cla_reviews,CLR006A,SSD137,cla_reviews,looked_after|review,,,rev_sw_met_child_views,"Has the Social Worker met with the child on their own to undertake direct work to establish their wishes and views	",1a|draft,,liquid_logic : rev_sw_met_child_views|mosaic : rev_sw_met_child_views,Child Views captured by CPA/ IRO,,,,,,,
child|cla_episodes|cla_reviews,CLR007A,SSD138,cla_reviews,looked_after|review,,,rev_participation,Participation code,SSDA903,,liquid_logic : rev_participation|mosaic : rev_participation,,,REVIEW_CODE,,,,,
child|cla_episodes|cla_reviews,CLR008A,SSD139,cla_reviews,looked_after|review,,,rev_care_plan_meet_needs,Is the Care Plan meeting the childs needs?,1a|draft,,liquid_logic : rev_care_plan_meet_needs|mosaic : rev_care_plan_meet_needs,Outcomes captured by CPA/ IRO,,,,,,,
child|cla_episodes|cla_reviews,CLR009A,SSD140,cla_reviews,looked_after|review,,,rev_perm_plan,Is a Permanence Plan in place?,AnnexA,,liquid_logic : rev_perm_plan|mosaic : rev_perm_plan,,,,,,,,
child|cla_episodes|cla_reviews,CLR010A,SSD141,cla_reviews,looked_after|review,,DATE,rev_last_iro_contact,Date of Last IRO Visit / Contact to the Child,AnnexA,,liquid_logic : rev_last_iro_contact|mosaic : rev_last_iro_contact,,,,,,,,
child|cla_episodes|cla_reviews,CLR011A,SSD142,cla_reviews,looked_after|review,,,prev_permanence,Has the child/ young person previously been adopted or left care for special guardianship or residence order?,SSDA903,,liquid_logic : prev_permanence|mosaic : prev_permanence,,,,,,,,
child|cla_episodes|cla_reviews,CLR012A,SSD143,cla_reviews,looked_after|review|permanence,,DATE,prev_perm_order_date,Date of Previous Permanence Order,SSDA903,,liquid_logic : prev_perm_order_date|mosaic : prev_perm_order_date,,,DATE_PERM,DATE_PERM,,,,
child|cla_episodes|cla_reviews,CLR013A,SSD144,cla_reviews,looked_after|review|permanence,,,prev_perm_option,Previous Permanence Option,SSDA903,,liquid_logic : prev_perm_option|mosaic : prev_perm_option,,,PREV_PERM,,,,,
child|cla_episodes|cla_reviews,CLR014A,SSD145,cla_reviews,looked_after|review|permanence,,,prev_perm_la,Previous Permanence Arranged LA,SSDA903,,liquid_logic : prev_perm_la|mosaic : prev_perm_la,,,LA_PERM,,,,,
child|cla_episodes|cla_reviews,CLR015A,SSD146,cla_reviews,looked_after|review|offending,,BOOLEAN,convicted_in_year,Child convicted during the year,SSDA903,,liquid_logic : convicted_in_year|mosaic : convicted_in_year,,,CONVICTED,,,,,
child|cla_episodes|cla_reviews,CLR016A,SSD147,cla_reviews,looked_after|review|health,,BOOLEAN,health_check,Health surveillance checks up to date,SSDA903,,liquid_logic : health_check|mosaic : health_check,,,HEALTH_CHECK,,,,,
child|cla_episodes|cla_reviews,CLR017A,SSD148,cla_reviews,looked_after|review|health,,DATE,health_asmt_date,Date of Last Health Assessment,SSDA903|AnnexA,,liquid_logic : health_asmt_date|mosaic : health_asmt_date,,,HEALTH_ASSESSMENT,,,,,
child|cla_episodes|cla_reviews,CLR018A,SSD149,cla_reviews,looked_after|review|health,,DATE,dental_check_date,Date of Last Dental Check,SSDA903|AnnexA,,liquid_logic : dental_check_date|mosaic : dental_check_date,,,TEETH_CHECK,,,,,
child|cla_episodes|cla_reviews,CLR019A,SSD150,cla_reviews,looked_after|review|health,,BOOLEAN,immunisations,Immunisations up to Date,SSDA903,,liquid_logic : immunisations|mosaic : immunisations,,,IMMUNISATIONS,,,,,
child|cla_episodes|cla_reviews,CLR020A,SSD151,cla_reviews,looked_after|review|health,,BOOLEAN,substance_misuse,Identified as having a substance misuse problem,SSDA903,,liquid_logic : substance_misuse|mosaic : substance_misuse,,,SUBSTANCE_MISUSE,,,,,
child|cla_episodes|cla_reviews,CLR021A,SSD152,cla_reviews,looked_after|review|health,,BOOLEAN,intervention_received,Child received intervention for substance misuse problem,SSDA903,,liquid_logic : intervention_received|mosaic : intervention_received,,,INTERVENTION_RECEIVED,,,,,
child|cla_episodes|cla_reviews|care_plan,CAP001A,SSD153,care_plan,looked_after|review,,VARCHAR(),review_id,Review ID,,,liquid_logic : review_id|mosaic : review_id,,,,,Yes,Yes,Yes,cla_reviews.review_id
child|cla_episodes|cla_reviews|care_plan,CAP002A,SSD154,care_plan,looked_after|review,,,permanence_plan,What is the permanence plan for this child/ young person?,AnnexA,,liquid_logic : permanence_plan|mosaic : permanence_plan,,,,,,,,
child|cla_episodes|cla_visits,CLV001A,SSD155,cla_visits,looked_after|visit,,VARCHAR(),cla_visit_id,Visit ID,,,liquid_logic : cla_visit_id|mosaic : cla_visit_id,,,,,,,,
child|cla_episodes|cla_visits,CLV002A,SSD156,cla_visits,looked_after|visit,,VARCHAR(),cla_episode_id,Episode ID,,,liquid_logic : cla_episode_id|mosaic : cla_episode_id,,,,,,,,cla_episodes.cla_episode_id
child|cla_episodes|cla_visits,CLV003A,SSD157,cla_visits,looked_after|visit,,DATE,cla_visit_date,Date of Visit,AnnexA,,liquid_logic : cla_visit_date|mosaic : cla_visit_date,,,,,,,,
child|cla_episodes|cla_visits,CLV004A,SSD158,cla_visits,looked_after|visit,,BOOLEAN,cla_visit_seen,Child Seen,Local,,liquid_logic : cla_visit_seen|mosaic : cla_visit_seen,,,,,,,,
child|cla_episodes|cla_visits,CLV005A,SSD159,cla_visits,looked_after|visit,,BOOLEAN,cla_visit_seen_alone,Child Seen Alone,Local,,liquid_logic : cla_visit_seen_alone|mosaic : cla_visit_seen_alone,,,,,,,,
child|cla_episodes|sdq_scores,SDQ001A,SSD160,sdq_scores,looked_after|sdq,,VARCHAR(),sdq_id,SDQ ID,,,liquid_logic : sdq_id|mosaic : sdq_id,,,,,Yes,Yes,Yes,
child|cla_episodes|sdq_scores,SDQ002A,SSD161,sdq_scores,looked_after|sdq,,VARCHAR(10),la_person_id,Person Unique ID,SSDA903|CINcensus,liquid_logic|mosaic,liquid_logic : la_person_id|mosaic : la_person_id,,,,LAchildID,Yes,,,person.la_person_id
child|cla_episodes|sdq_scores,SDQ003A,SSD162,sdq_scores,looked_after|sdq,,DATE,sdq_completed_date,SDQ Completed Date,Local,,liquid_logic : sdq_completed_date|mosaic : sdq_completed_date,Tracking of SDQ scores over time,,,,,,,
child|cla_episodes|sdq_scores,SDQ004A,SSD163,sdq_scores,looked_after|sdq,,,sdq_reason,SDQ Reason,SSDA903,,liquid_logic : sdq_reason|mosaic : sdq_reason,,,SDQ_REASON,,,,,
child|cla_episodes|sdq_scores,SDQ005A,SSD164,sdq_scores,looked_after|sdq,,,sdq_score,SDQ Score,SSDA903,,liquid_logic : sdq_score|mosaic : sdq_score,,,SDQ_SCORE,,,,,
child|cla_episodes|missing,MIS001A,SSD165,missing,looked_after|missing,,VARCHAR(),missing_episode_id,Missing Episode ID,,,liquid_logic : missing_episode_id|mosaic : missing_episode_id,,,,,Yes,Yes,Yes,
child|cla_episodes|missing,MIS002A,SSD166,missing,looked_after|missing,,VARCHAR(),cla_episode_id,Episode ID,,,liquid_logic : cla_episode_id|mosaic : cla_episode_id,,,,,,,,cla_episodes.cla_episode_id
child|cla_episodes|missing,MIS003A,SSD167,missing,looked_after|missing,,DATE,mis_epi_start,Missing Episode Start,SSDA903|AnnexA,,liquid_logic : mis_epi_start|mosaic : mis_epi_start,,,MIS_START,,,,,
child|cla_episodes|missing,MIS004A,SSD168,missing,looked_after|missing,,,mis_epi_type,Episode Type (Missing/ Absent),SSDA903|AnnexA,,liquid_logic : mis_epi_type|mosaic : mis_epi_type,,,MISSING,,,,,
child|cla_episodes|missing,MIS005A,SSD169,missing,looked_after|missing,,DATE,mis_epi_end,Missing Episode End,SSDA903|AnnexA,,liquid_logic : mis_epi_end|mosaic : mis_epi_end,,,MIS_END,,,,,
child|cla_episodes|missing,MIS006A,SSD170,missing,looked_after|missing,,BOOLEAN,mis_epi_rhi_offered,RHI Offered,AnnexA,,liquid_logic : mis_epi_rhi_offered|mosaic : mis_epi_rhi_offered,,,,,,,,
child|cla_episodes|missing,MIS007A,SSD171,missing,looked_after|missing,,BOOLEAN,mis_epi_rhi_accepted,RHI Accepted,AnnexA,,liquid_logic : mis_epi_rhi_accepted|mosaic : mis_epi_rhi_accepted,,,,,,,,
child|care_leavers,CLE001A,SSD172,care_leavers,care_leavers,,VARCHAR(),care_leaver_id,Care Leaver Table ID,,,liquid_logic : care_leaver_id|mosaic : care_leaver_id,,,,,Yes,Yes,Yes,
child|care_leavers,CLE002A,SSD173,care_leavers,care_leavers,,VARCHAR(10),la_person_id,Person Unique ID,SSDA903|CINcensus,liquid_logic|mosaic,liquid_logic : la_person_id|mosaic : la_person_id,,,,LAchildID,Yes,,,person.la_person_id
child|care_leavers,CLE003A,SSD174,care_leavers,care_leavers,,,cl_eligibility,Eligibility Status/ Category,AnnexA,,liquid_logic : cl_eligibility|mosaic : cl_eligibility,,,,,,,,
child|care_leavers,CLE004A,SSD175,care_leavers,care_leavers,,,cl_in_touch,In Touch Category,AnnexA,,liquid_logic : cl_in_touch|mosaic : cl_in_touch,,,IN_TOUCH,,,,,
child|care_leavers,CLE005A,SSD176,care_leavers,care_leavers,,DATE,cl_latest_contact,Latest Date of Contact,AnnexA,,liquid_logic : cl_latest_contact|mosaic : cl_latest_contact,,,,,,,,
child|care_leavers,CLE006A,SSD177,care_leavers,care_leavers,,,cl_accommodation,Accommodation,AnnexA,,liquid_logic : cl_accommodation|mosaic : cl_accommodation,,,,,,,,
child|care_leavers,CLE007A,SSD178,care_leavers,care_leavers,,,cl_accom_suitable,Suitability of Accommodation,AnnexA,,liquid_logic : cl_accom_suitable|mosaic : cl_accom_suitable,,,ACCOM,,,,,
child|care_leavers,CLE008A,SSD179,care_leavers,care_leavers,,,cl_activity,Activity Status,AnnexA,,liquid_logic : cl_activity|mosaic : cl_activity,,,ACTIV,,,,,
child|care_leavers,CLE009A,SSD180,care_leavers,care_leavers,,,cl_pathway_plan_rev_date,Latest Pathway Plan Review Date,AnnexA,,liquid_logic : cl_pathway_plan_rev_date|mosaic : cl_pathway_plan_rev_date,,,,,,,,
child|care_leavers,CLE010A,SSD181,care_leavers,care_leavers,,,cl_personal_advisor,Allocated Personal Advisor,AnnexA,,liquid_logic : cl_personal_advisor|mosaic : cl_personal_advisor,,,,,,,,
child|care_leavers,CLE011A,SSD182,care_leavers,care_leavers,,,cl_team,Allocated Team,AnnexA,,liquid_logic : cl_team|mosaic : cl_team,,,,,,,,
child|care_leavers,CLE012A,SSD183,care_leavers,care_leavers,,,cl_worker,Allocated Worker,AnnexA,,liquid_logic : cl_worker|mosaic : cl_worker,,,,,,,,
child|permanence,PRM001A,SSD184A,permanence,looked_after|permanence|adoption,,VARCHAR(10),permanence_id,permanence_table_id,,liquid_logic|mosaic,liquid_logic : permanence_id|mosaic : permanence_id,,,,LAchildID,Yes,,Yes,
child|permanence,PRM002A,SSD184,permanence,looked_after|permanence|adoption,,VARCHAR(10),la_person_id,Person Unique ID,SSDA903|CINcensus,liquid_logic|mosaic,liquid_logic : la_person_id|mosaic : la_person_id,,,,LAchildID,Yes,,,person.la_person_id
child|permanence,PRM003A,SSD185,permanence,looked_after|permanence|adoption,,DATE,adm_decision_date,Date of ADM Decision ,SSDA903|AnnexA|ASGLB,,liquid_logic : adm_decision_date|mosaic : adm_decision_date,,,DATE_INT,,,,,
child|permanence,PRM004A,SSD186,permanence,looked_after|permanence|adoption,,DATE,ffa_cp_decision_date,Date of FFA/ CP Decision,ASGLB,,liquid_logic : ffa_cp_decision_date|mosaic : ffa_cp_decision_date,,,,,,,,
child|permanence,PRM005A,SSD187,permanence,looked_after|permanence|adoption,,DATE,entered_care_date,Date the entered Care,SSDA903|AnnexA|ASGLB,,liquid_logic : entered_care_date|mosaic : entered_care_date,,,,,,,,
child|permanence,PRM006A,SSD188,permanence,looked_after|permanence|adoption,,DATE,placement_order_date,Date of Placement/ Freeing Order,SSDA903|AnnexA|ASGLB,,liquid_logic : placement_order_date|mosaic : placement_order_date,,,,,,,,
child|permanence,PRM007A,SSD189,permanence,looked_after|permanence|adoption,,DATE,placed_for_adoption_date,Date Placed for Adoption,SSDA903|AnnexA|ASGLB,,liquid_logic : placed_for_adoption_date|mosaic : placed_for_adoption_date,,,,,,,,
child|permanence,PRM008A,SSD190,permanence,looked_after|permanence|adoption,,DATE,matched_date,Date Matched to Prospective Adopters,SSDA903|AnnexA|ASGLB,,liquid_logic : matched_date|mosaic : matched_date,,,DATE_MATCH,,,,,
child|permanence,PRM009A,SSD191,permanence,looked_after|permanence|adoption,,DATE,placed_ffa_cp_date,Date Placed in FFA/ CP Placement ,SSDA903|AnnexA|ASGLB,,liquid_logic : placed_ffa_cp_date|mosaic : placed_ffa_cp_date,,,,,,,,
child|permanence,PRM010A,SSD192,permanence,looked_after|permanence|adoption,,DATE,decision_reversed_date,Date of Decision that Child Should No Longer be Placed for Adoption,AnnexA|ASGLB,,liquid_logic : decision_reversed_date|mosaic : decision_reversed_date,,,DATE_PLACED_CEASED,,,,,
child|permanence,PRM011A,SSD193,permanence,looked_after|permanence|adoption,,DATE,placed_foster_carer_date,Date originally placed with foster carer(s) (if adopted by foster carer/s),SSDA903|AnnexA|ASGLB,,liquid_logic : placed_foster_carer_date|mosaic : placed_foster_carer_date,,,,,,,,
child|permanence,PRM012A,SSD194,permanence,looked_after|permanence|adoption,,BOOLEAN,sibling_group,Is the child a part of a sibling group?,ASGLB,,liquid_logic : sibling_group|mosaic : sibling_group,,,,,,,,
child|permanence,PRM013A,SSD195,permanence,looked_after|permanence|adoption,,TINYINT(2),siblings_placed_together,"Number of children placed, or planned to be placed, for adoption together as sibling group INCLUDING this child",ASGLB,,liquid_logic : siblings_placed_together|mosaic : siblings_placed_together,,,,,,,,
child|permanence,PRM014A,SSD196,permanence,looked_after|permanence|adoption,,TINYINT(2),siblings_placed_apart,"Number of siblings placed, or planned to be placed, for adoption separately from the child",ASGLB,,liquid_logic : siblings_placed_apart|mosaic : siblings_placed_apart,,,,,,,,
child|permanence,PRM015A,SSD197,permanence,looked_after|permanence|adoption,,VARCHAR(8),place_provider_urn,URN of the placement provider agency,SSDA903,,liquid_logic : place_provider_urn|mosaic : place_provider_urn,,,,,,,,
child|permanence,PRM016A,SSD198,permanence,looked_after|permanence|adoption,,,decision_reversed_reason,Reason No Longer Placed for Adoption,SSDA903|AnnexA|ASGLB,,liquid_logic : decision_reversed_reason|mosaic : decision_reversed_reason,,,REASON_PLACED_CEASED,,,,,
child|permanence,PRM017A,SSD199,permanence,looked_after|permanence,,DATE,permanence_order_date,Date of Order ,SSDA903|AnnexA|ASGLB,,liquid_logic : permanence_order_date|mosaic : permanence_order_date,,,,,,,,
child|permanence,PRM018A,SSD200,permanence,looked_after|permanence,,,permanence_order_type,Type of Order,SSDA903|ASGLB,,liquid_logic : permanence_order_type|mosaic : permanence_order_type,,,,,,,,
child|permanence,PRM019A,SSD201,permanence,looked_after|permanence|SGO,,,guardian_status,Status of Special Guardian,ASGLB,,liquid_logic : guardian_status|mosaic : guardian_status,,,,,,,,
child|permanence,PRM020A,SSD202,permanence,looked_after|permanence|SGO,,TINYINT(2),guardian_age,Age of Special Guardian,ASGLB,,liquid_logic : guardian_age|mosaic : guardian_age,,,,,,,,
child|send,SEN001A,SSD203,send,identity|send,,,send_table_id,send_table_id,,,liquid_logic : send_table_id|mosaic : send_table_id,,,,,Yes,Yes,Yes,
child|send,SEN002A,SSD204,send,identity|send,,CHAR(13),send_upn,UPN,,,liquid_logic : send_upn|mosaic : send_upn,,,,,Yes,Yes,,person.person_upn
child|send,SEN003A,SSD205,send,identity|send,,,send_uln,ULN,,,liquid_logic : send_uln|mosaic : send_uln,,,,,,,,
child|send,SEN004A,SSD206,send,identity|send,,CHAR(3),upn_unknown,UPN and ULN unknown,,,liquid_logic : upn_unknown|mosaic : upn_unknown,,,,,,,,
child|send,SEN005A,SSD207,send,identity|send,,VARCHAR(10),la_person_id,Person Unique ID,SSDA903|CINcensus,liquid_logic|mosaic,liquid_logic : la_person_id|mosaic : la_person_id,,,,LAchildID,Yes,,,person.la_person_id
child|send|requests,ERQ001A,SSD208,ehcp_requests,send|ehcp_request,,VARCHAR(),ehcp_request_id,Request ID,,,liquid_logic : ehcp_request_id|mosaic : ehcp_request_id,,,,,Yes,Yes,Yes,
child|send|requests,ERQ002A,SSD209,ehcp_requests,identity|send|ehcp_request,,,send_table_id,send_table_id,,,liquid_logic : send_table_id|mosaic : send_table_id,,,,,,,,send.send_table_id
child|send|requests,ERQ003A,SSD210,ehcp_requests,send|ehcp_request,,DATE,ehcp_req_date,Received Date,SEN2,,liquid_logic : ehcp_req_date|mosaic : ehcp_req_date,,ReceivedDate,,,,,,
child|send|requests,ERQ004A,SSD211,ehcp_requests,send|ehcp_request,,DATE,ehcp_req_outcome_date,Request Outcome Date,SEN2,,liquid_logic : ehcp_req_outcome_date|mosaic : ehcp_req_outcome_date,,RequestOutcomeDate,,,,,,
child|send|requests,ERQ005A,SSD212,ehcp_requests,send|ehcp_request,,,ehcp_req_outcome,Request Outcome,SEN2,,liquid_logic : ehcp_req_outcome|mosaic : ehcp_req_outcome,,RequestOutcome,,,,,,
child|send|requests|assessment,EAM001A,SSD213,ehcp_assessment,send|ehcp_request|ehcp_assessment,,VARCHAR(),ehcp_asmt_id,Assessment ID,,,liquid_logic : ehcp_asmt_id|mosaic : ehcp_asmt_id,,,,,Yes,Yes,Yes,
child|send|requests|assessment,EAM002A,SSD214,ehcp_assessment,send|ehcp_request|ehcp_assessment,,VARCHAR(),ehcp_request_id,Request ID,,,liquid_logic : ehcp_request_id|mosaic : ehcp_request_id,,,,,,,,ehcp_requests.ehcp_request_id
child|send|requests|assessment,EAM003A,SSD215,ehcp_assessment,send|ehcp_request|ehcp_assessment,,DATE,ehcp_asmt_outcome_date,Assessment Outcome Date,SEN2,,liquid_logic : ehcp_asmt_outcome_date|mosaic : ehcp_asmt_outcome_date,,AssessmentOutcomeDate,,,,,,
child|send|requests|assessment,EAM004A,SSD216,ehcp_assessment,send|ehcp_request|ehcp_assessment,,,ehcp_asmt_outcome,Assessment Outcome,SEN2,,liquid_logic : ehcp_asmt_outcome|mosaic : ehcp_asmt_outcome,,AssessmentOutcome,,,,,,
child|send|requests|assessment|named_plan,ENP001A,SSD217,ehcp_named_plan,send|ehcp_request|ehcp_assessment,,VARCHAR(),named_plan_id,Named Plan ID,,,liquid_logic : named_plan_id|mosaic : named_plan_id,,,,,Yes,Yes,Yes,
child|send|requests|assessment|named_plan,ENP002A,SSD218,ehcp_named_plan,send|ehcp_request|ehcp_assessment,,VARCHAR(),ehcp_asmt_id,Assessment ID,,,liquid_logic : ehcp_asmt_id|mosaic : ehcp_asmt_id,,,,,,,,ehcp_assessment.ehcp_asmt_id
child|send|requests|assessment|named_plan,ENP003A,SSD219,ehcp_named_plan,send|ehcp_request|ehcp_assessment,,DATE,named_plan_start_date,Start Date,SEN2,,liquid_logic : named_plan_start_date|mosaic : named_plan_start_date,,StartDate,,,,,,
child|send|requests|assessment|named_plan,ENP004A,SSD220,ehcp_named_plan,send|ehcp_request|ehcp_assessment,,DATE,named_plan_cease_date,Cease Date,SEN2,,liquid_logic : named_plan_cease_date|mosaic : named_plan_cease_date,,CeaseDate,,,,,,
child|send|requests|assessment|named_plan,ENP005A,SSD221,ehcp_named_plan,send|ehcp_request|ehcp_assessment,,,named_plan_cease_reason,Cease Reason,SEN2,,liquid_logic : named_plan_cease_reason|mosaic : named_plan_cease_reason,,CeaseReason,,,,,,
child|send|requests|active_plans,EAP001A,SSD222,ehcp_active_plans,send|ehcp_request|ehcp,,VARCHAR(),active_ehcp_id,Plan ID,,,liquid_logic : active_ehcp_id|mosaic : active_ehcp_id,,,,,Yes,Yes,Yes,
child|send|requests|active_plans,EAP002A,SSD223,ehcp_active_plans,send|ehcp_request|ehcp,,VARCHAR(),ehcp_request_id,Request ID,,,liquid_logic : ehcp_request_id|mosaic : ehcp_request_id,,,,,,,,ehcp_requests.ehcp_request_id
child|send|requests|active_plans,EAP003A,SSD224,ehcp_active_plans,send|ehcp_request|ehcp,,DATE,active_ehcp_last_review,Last Review,SEN2,,liquid_logic : active_ehcp_last_review|mosaic : active_ehcp_last_review,,LastReview,,,,,,
child|send|requests|active_plans|sen_need,SND001A,SSD225,sen_need,send|ehcp_request|ehcp|need,,VARCHAR(),sen_need_table_id,SEN Need Table ID,,,liquid_logic : sen_need_table_id|mosaic : sen_need_table_id,,,,,Yes,Yes,Yes,
child|send|requests|active_plans|sen_need,SND002A,SSD226,sen_need,send|ehcp_request|ehcp|need,,VARCHAR(),active_ehcp_id,Plan ID,,,liquid_logic : active_ehcp_id|mosaic : active_ehcp_id,,,,,,,,ehcp_active_plans.active_ehcp_id
child|send|requests|active_plans|sen_need,SND003A,SSD227,sen_need,send|ehcp_request|ehcp|need,,,active_ehcp_need,SEN Type,SEN2,,liquid_logic : active_ehcp_need|mosaic : active_ehcp_need,,SENtype,,,,,,
child|send|requests|active_plans|sen_need,SND004A,SSD228,sen_need,send|ehcp_request|ehcp|need,,,active_ehcp_need_rank,SEN Type Rank,SEN2,,liquid_logic : active_ehcp_need_rank|mosaic : active_ehcp_need_rank,,SENtypeRank,,,,,,
workforce|worker,WRK001A,SSD229,worker,social_worker,,VARCHAR(),sw_reg_number,Social Work England (SWE) registration number,,,liquid_logic : sw_reg_number|mosaic : sw_reg_number,,,,,Yes,Yes,Yes,
workforce|worker,WRK002A,SSD230,worker,social_worker,,VARCHAR(),sw_id,Social worker ID,SSDA903,,liquid_logic : sw_id|mosaic : sw_id,,,SW_ID,,Yes,Yes,Yes,
workforce|worker,WRK003A,SSD231,worker,social_worker,,DATE,sw_epi_start_date,Social worker episode start date,SSDA903,,liquid_logic : sw_epi_start_date|mosaic : sw_epi_start_date,,,SW_DECOM,,,,,
workforce|worker,WRK004A,SSD232,worker,social_worker,,DATE,sw_epi_end_date,Social worker episode end date,SSDA903,,liquid_logic : sw_epi_end_date|mosaic : sw_epi_end_date,,,SW_DEC,,,,,
workforce|worker,WRK005A,SSD233,worker,social_worker,,VARCHAR(),sw_change_reason,Reason for social worker change,SSDA903,,liquid_logic : sw_change_reason|mosaic : sw_change_reason,,,SW_REASON,,,,,
workforce|worker,WRK006A,SSD234,worker,social_worker,,BOOLEAN,sw_agency,Agency worker,CSCWF,,liquid_logic : sw_agency|mosaic : sw_agency,,,,,,,,
workforce|worker,WRK007A,SSD235,worker,social_worker,,VARCHAR(),sw_role,Role within the organisation,CSCWF,,liquid_logic : sw_role|mosaic : sw_role,,,,,,,,
workforce|worker,WRK008A,SSD236,worker,social_worker,,TINYINT(),sw_caseload,Number of cases held,CSCWF,,liquid_logic : sw_caseload|mosaic : sw_caseload,,,,,,,,
workforce|worker,WRK009A,SSD237,worker,social_worker,,VARCHAR(),sw_qualification,Qualification level,CSCWF,,liquid_logic : sw_qualification|mosaic : sw_qualification,,,,,,,,
child|identity,PLB001A,PLOBronze1,plo_bronze,plo,,VARCHAR(10),la_person_id,Person Unique ID,SSDA903|CINcensus,liquid_logic|mosaic,liquid_logic : la_person_id|mosaic : la_person_id,,,,LAchildID,Yes,Yes,,person.la_person_id
child|pre_proceedings,PLB002A,PLOBronze2,plo_bronze,plo,,,plo_family_id,PLO Family ID,1b|specified,,liquid_logic : plo_family_id|mosaic : plo_family_id,,,,,Yes,Yes,Yes,
child|pre_proceedings,PLB011A,PLOBronze11,plo_bronze,plo,,DATE,pre_pro_decision_date,Date decision made to enter Pre Proceedings,1b|specified,,liquid_logic : pre_pro_decision_date|mosaic : pre_pro_decision_date,,,,,,,,
child|pre_proceedings,PLB012A,PLOBronze12,plo_bronze,plo,,DATE,initial_pre_pro_meeting,Date of Initial Pre Proceedings Meeting,1b|specified,,liquid_logic : initial_pre_pro_meeting|mosaic : initial_pre_pro_meeting,,,,,,,,
child|pre_proceedings,PLB013A,PLOBronze13,plo_bronze,plo,,,pre_pro_outcome,What is the Outcome of Pre-Proceedings,1b|specified,,liquid_logic : pre_pro_outcome|mosaic : pre_pro_outcome,,,,,,,,
child|pre_proceedings,PLB014A,PLOBronze14,plo_bronze,plo,,DATE,date_agree_stepdown_issue,Date Agreed to Step down/issue,1b|specified,,liquid_logic : date_agree_stepdown_issue|mosaic : date_agree_stepdown_issue,,,,,,,,
child|pre_proceedings,PLS001A,PLOSilver1,plo_silver,plo,,,cp_plans_referral_period,How many times has the child been subject to a Child Protection Plan during this referral period?,1b|specified,,liquid_logic : cp_plans_referral_period|mosaic : cp_plans_referral_period,,,,,,,,
child|pre_proceedings,PLS002A,PLOSilver2,plo_silver,plo,,,legal_gateway_outcome,What was the outcome of legal gateway / panel / meeting after panel?,1b|specified,,liquid_logic : legal_gateway_outcome|mosaic : legal_gateway_outcome,,,,,,,,
child|pre_proceedings,PLS003A,PLOSilver3,plo_silver,plo,,,prev_pre_proc_child,How many previous periods of pre-proceedings have there been in the child’s lifetime?,1b|specified,,liquid_logic : prev_pre_proc_child|mosaic : prev_pre_proc_child,,,,,,,,
child|pre_proceedings,PLS004A,PLOSilver4,plo_silver,plo,,,prev_care_proc_child,How many previous periods of care proceedings have there been in the child’s lifetime?,1b|specified,,liquid_logic : prev_care_proc_child|mosaic : prev_care_proc_child,,,,,,,,
child|pre_proceedings,PLS005A,PLOSilver5,plo_silver,plo,,DATE,pre_pro_letter_date,What is the date that the pre-proceedings letter and plan was sent to parents?,1b|specified,,liquid_logic : pre_pro_letter_date|mosaic : pre_pro_letter_date,,,,,,,,
child|pre_proceedings,PLS006A,PLOSilver6,plo_silver,plo,,DATE,care_pro_letter_date,What is the date that the letter to issue care proceedings was sent to parents?,1b|specified,,liquid_logic : care_pro_letter_date|mosaic : care_pro_letter_date,,,,,,,,
child|pre_proceedings,PLS007A,PLOSilver7,plo_silver,plo,,,pre_pro_meetings_num,How many review pre-proceeding meetings have been held with parents following the initial meeting?,1b|specified,,liquid_logic : pre_pro_meetings_num|mosaic : pre_pro_meetings_num,,,,,,,,
child|pre_proceedings,PLS008A,PLOSilver8,plo_silver,plo,,,pre_pro_parents_legal_rep,Did parents have legal representation during pre-proceedings?,1b|specified,,liquid_logic : pre_pro_parents_legal_rep|mosaic : pre_pro_parents_legal_rep,,,,,,,,
child|pre_proceedings,PLS009A,PLOSilver9,plo_silver,plo,,,parents_legal_rep_point_of_issue,Did parents have legal representation at the point of issue?,1b|specified,,liquid_logic : parents_legal_rep_point_of_issue|mosaic : parents_legal_rep_point_of_issue,,,,,,,,
child|pre_proceedings,PLS010A,PLOSilver10,plo_silver,plo,,,court_reference,"If in Care Proceedings, what is the Court reference number?",1b|specified,,liquid_logic : court_reference|mosaic : court_reference,,,,,,,,
child|pre_proceedings,PLS011A,PLOSilver11,plo_silver,plo,,,care_proc_court_hearings,How many Court hearings have taken place whilst in care proceedings?,1b|specified,,liquid_logic : care_proc_court_hearings|mosaic : care_proc_court_hearings,,,,,,,,
child|pre_proceedings,PLS012A,PLOSilver12,plo_silver,plo,,,care_proc_short_notice,Were Care Proceedings issued on a short notice application?,1b|specified,,liquid_logic : care_proc_short_notice|mosaic : care_proc_short_notice,,,,,,,,
child|pre_proceedings,PLS013A,PLOSilver13,plo_silver,plo,,,care_proc_short_notice_reason,What was the reason for any short notice applications?,1b|specified,,liquid_logic : care_proc_short_notice_reason|mosaic : care_proc_short_notice_reason,,,,,,,,
child|pre_proceedings,PLS014A,PLOSilver14,plo_silver,plo,,,la_inital _plan_approved,Was the LA’s initial plan approved at the initial hearing?,1b|specified,,liquid_logic : la_inital _plan_approved|mosaic : la_inital _plan_approved,,,,,,,,
child|pre_proceedings,PLS015A,PLOSilver15,plo_silver,plo,,,la_initial_care_plan,What was the LA’s initial care plan for the child at the initial hearing?,1b|specified,,liquid_logic : la_initial_care_plan|mosaic : la_initial_care_plan,,,,,,,,
child|pre_proceedings,PLS016A,PLOSilver16,plo_silver,plo,,,la_final_plan_approved,Was the LA’s final plan approved at the final hearing?,1b|specified,,liquid_logic : la_final_plan_approved|mosaic : la_final_plan_approved,,,,,,,,
child|pre_proceedings,PLS017A,PLOSilver17,plo_silver,plo,,,la_final_care_plan,What was the LA’s final care plan for the child at the final hearing?,1b|specified,,liquid_logic : la_final_care_plan|mosaic : la_final_care_plan,,,,,,,,
