item_ref,object_name,categories,constraints,type,max_field_size,field_name
PERS001A,ssd_person,identity,,nvarchar,48,pers_person_id
PERS002A,ssd_person,identity,,nvarchar,48,pers_sex
PERS003A,ssd_person,identity,,nvarchar,20,pers_gender
PERS004A,ssd_person,identity,,nvarchar,48,pers_ethnicity
PERS005A,ssd_person,identity,,datetime,NULL,pers_dob
PERS013A,ssd_person,identity,,nvarchar,48,pers_common_child_id
PERS014A,ssd_person,identity,,nvarchar,48,pers_legacy_id
PERS007A,ssd_person,identity,,nvarchar,20,pers_upn_unknown
PERS008A,ssd_person,identity,,nchar,1,pers_send
PERS009A,ssd_person,identity,,datetime,NULL,pers_expected_dob
PERS010A,ssd_person,identity,,datetime,NULL,pers_death_date
PERS011A,ssd_person,identity,,nchar,1,pers_is_mother
PERS012A,ssd_person,identity,,nvarchar,48,pers_nationality
FAMI003A,ssd_family,identity|family,,nvarchar,48,fami_table_id
FAMI001A,ssd_family,identity|family,,nvarchar,48,fami_family_id
FAMI002A,ssd_family,identity|family,,nvarchar,48,fami_person_id
ADDR007A,ssd_address,identity|address,,nvarchar,48,addr_table_id
ADDR001A,ssd_address,identity|address,,nvarchar,1000,addr_address_json
ADDR002A,ssd_address,identity|address,,nvarchar,48,addr_person_id
ADDR003A,ssd_address,identity|address,,nvarchar,48,addr_address_type
ADDR004A,ssd_address,identity|address,,datetime,NULL,addr_address_start_date
ADDR005A,ssd_address,identity|address,,datetime,NULL,addr_address_end_date
ADDR006A,ssd_address,identity|address,,nvarchar,15,addr_postcode
DISA001A,ssd_disability,identity|disability,,nvarchar,48,disa_person_id
DISA003A,ssd_disability,identity|disability,,nvarchar,48,disa_table_id
DISA002A,ssd_disability,identity|disability,,nvarchar,48,disa_disability_code
IMMI001A,ssd_immigration_status,identity|immigration|uasc,,nvarchar,48,immi_person_id
IMMI005A,ssd_immigration_status,identity|immigration|uasc,,nvarchar,48,immi_Immigration_status_id
IMMI002A,ssd_immigration_status,identity|immigration|uasc,,nvarchar,48,immi_immigration_status
IMMI003A,ssd_immigration_status,identity|immigration|uasc,,datetime,NULL,immi_immigration_status_start_date
IMMI004A,ssd_immigration_status,identity|immigration|uasc,,datetime,NULL,immi_immigration_status_end_date
MOTH004A,ssd_mother,identity|looked_after|mother,,nvarchar,48,moth_table_id
MOTH002A,ssd_mother,identity|looked_after|mother,,nvarchar,48,moth_person_id
MOTH001A,ssd_mother,identity|looked_after|mother,,nvarchar,48,moth_childs_person_id
MOTH003A,ssd_mother,identity|looked_after|mother,,datetime,NULL,moth_childs_dob
LEGA001A,ssd_legal_status,identity|looked_after,,nvarchar,48,lega_legal_status_id
LEGA002A,ssd_legal_status,identity|looked_after,,nvarchar,48,lega_person_id
LEGA003A,ssd_legal_status,identity|looked_after,,nvarchar,100,lega_legal_status
LEGA004A,ssd_legal_status,identity|looked_after,,datetime,NULL,lega_legal_status_start_date
LEGA005A,ssd_legal_status,identity|looked_after,,datetime,NULL,lega_legal_status_end_date
CONT001A,ssd_contacts,contact,,nvarchar,48,cont_contact_id
CONT002A,ssd_contacts,contact,,nvarchar,48,cont_person_id
CONT003A,ssd_contacts,contact,,datetime,NULL,cont_contact_date
CONT004A,ssd_contacts,contact,,nvarchar,48,cont_contact_source_code
CONT006A,ssd_contacts,contact,,nvarchar,255,cont_contact_source_desc
CONT005A,ssd_contacts,contact,,nvarchar,500,cont_contact_outcome_json
EARL001A,ssd_early_help_episodes,early_help,,nvarchar,48,earl_episode_id
EARL002A,ssd_early_help_episodes,early_help,,nvarchar,48,earl_person_id
EARL003A,ssd_early_help_episodes,early_help,,datetime,NULL,earl_episode_start_date
EARL004A,ssd_early_help_episodes,early_help,,datetime,NULL,earl_episode_end_date
EARL005A,ssd_early_help_episodes,early_help,,nvarchar,100,earl_episode_reason
EARL006A,ssd_early_help_episodes,early_help,,nvarchar,100,earl_episode_end_reason
EARL007A,ssd_early_help_episodes,early_help,,nvarchar,100,earl_episode_organisation
EARL008A,ssd_early_help_episodes,early_help,,nvarchar,48,earl_episode_worker_name
CINE001A,ssd_cin_episodes,child_in_need|referral,,int,48,cine_referral_id
CINE002A,ssd_cin_episodes,child_in_need,,nvarchar,48,cine_person_id
CINE003A,ssd_cin_episodes,child_in_need|referral,,datetime,NULL,cine_referral_date
CINE010A,ssd_cin_episodes,child_in_need|referral,,int,NULL,cine_cin_primary_need
CINE004A,ssd_cin_episodes,child_in_need|referral,,nvarchar,48,cine_referral_source_code
CINE012A,ssd_cin_episodes,child_in_need|referral,,nvarchar,255,cine_referral_source_desc
CINE005A,ssd_cin_episodes,child_in_need|referral,,nvarchar,500,cine_referral_outcome_json
CINE011A,ssd_cin_episodes,child_in_need|referral,,nchar,1,cine_referral_nfa
CINE006A,ssd_cin_episodes,child_in_need,,nvarchar,100,cine_close_reason
CINE007A,ssd_cin_episodes,child_in_need,,datetime,NULL,cine_close_date
CINE008A,ssd_cin_episodes,child_in_need|referral,,nvarchar,100,cine_referral_team_name
CINE009A,ssd_cin_episodes,child_in_need|referral,,nvarchar,48,cine_referral_worker_name
CINA001A,ssd_cin_assessments,child_in_need|assessment,,nvarchar,48,cina_assessment_id
CINA002A,ssd_cin_assessments,child_in_need|assessment,,nvarchar,48,cina_person_id
CINA010A,ssd_cin_assessments,,,nvarchar,48,cina_referral_id
CINA003A,ssd_cin_assessments,child_in_need|assessment,,datetime,NULL,cina_assessment_start_date
CINA004A,ssd_cin_assessments,child_in_need|assessment,,nvarchar,1,cina_assessment_child_seen
CINA005A,ssd_cin_assessments,child_in_need|assessment,,datetime,NULL,cina_assessment_auth_date
CINA006A,ssd_cin_assessments,child_in_need|assessment,,nvarchar,1000,cina_assessment_outcome_json
CINA009A,ssd_cin_assessments,child_in_need|assessment,,NCHAR,1,cina_assessment_outcome_nfa
CINA007A,ssd_cin_assessments,child_in_need|assessment,,nvarchar,100,cina_assessment_team_name
CINA008A,ssd_cin_assessments,child_in_need|assessment,,nvarchar,48,cina_assessment_worker_name
CINF003A,ssd_assessment_factors,child_in_need|assessment,,nvarchar,48,cinf_table_id
CINF001A,ssd_assessment_factors,child_in_need|assessment,,nvarchar,48,cinf_assessment_id
CINF002A,ssd_assessment_factors,child_in_need|assessment,,nvarchar,1000,cinf_assessment_factors_json
CINP001A,ssd_cin_plans,child_in_need|cin_plan,,nvarchar,48,cinp_cin_plan_id
CINP007A,ssd_cin_plans,,,nvarchar,48,cinp_referral_id
CINP002A,ssd_cin_plans,child_in_need|cin_plan,,nvarchar,48,cinp_person_id
CINP003A,ssd_cin_plans,child_in_need|cin_plan,,datetime,NULL,cinp_cin_plan_start_date
CINP004A,ssd_cin_plans,child_in_need|cin_plan,,datetime,NULL,cinp_cin_plan_end_date
CINP005A,ssd_cin_plans,child_in_need|cin_plan,,nvarchar,100,cinp_cin_plan_team_name
CINP006A,ssd_cin_plans,child_in_need|cin_plan,,nvarchar,48,cinp_cin_plan_worker_name
CINV001A,ssd_cin_visits,child_in_need|cin_plan|visit,,nvarchar,48,cinv_cin_visit_id
CINV007A,ssd_cin_visits,child_in_need|cin_plan|visit,,nvarchar,48,cinv_person_id
CINV003A,ssd_cin_visits,child_in_need|cin_plan|visit,,datetime,NULL,cinv_cin_visit_date
CINV004A,ssd_cin_visits,child_in_need|cin_plan|visit,,nchar,1,cinv_cin_visit_seen
CINV005A,ssd_cin_visits,child_in_need|cin_plan|visit,,nchar,1,cinv_cin_visit_seen_alone
CINV006A,ssd_cin_visits,child_in_need|cin_plan|visit,,NCHAR,1,cinv_cin_visit_bedroom
S47E001A,ssd_s47_enquiry,s47_enquiry|child_protection,,nvarchar,48,s47e_s47_enquiry_id
S47E010A,ssd_s47_enquiry,s47_enquiry|child_protection,,nvarchar,48,s47e_referral_id
S47E002A,ssd_s47_enquiry,s47_enquiry|child_protection,,nvarchar,48,s47e_person_id
S47E004A,ssd_s47_enquiry,s47_enquiry|child_protection,,datetime,NULL,s47e_s47_start_date
S47E005A,ssd_s47_enquiry,s47_enquiry|child_protection,,datetime,NULL,s47e_s47_end_date
S47E006A,ssd_s47_enquiry,s47_enquiry|child_protection,,nchar,1,s47e_s47_nfa
S47E007A,ssd_s47_enquiry,s47_enquiry|child_protection,,nvarchar,1000,s47e_s47_outcome_json
S47E008A,ssd_s47_enquiry,s47_enquiry|child_protection,,nvarchar,48,s47e_s47_completed_by_worker_name
S47E009A,ssd_s47_enquiry,s47_enquiry|child_protection,,nvarchar,100,s47e_s47_completed_by_team_name
ICPC001A,ssd_initial_cp_conference,initial_cp_conference|child_protection,,nvarchar,48,icpc_icpc_id
ICPC009A,ssd_initial_cp_conference,,,nvarchar,48,icpc_icpc_meeting_id
ICPC002A,ssd_initial_cp_conference,,,nvarchar,48,icpc_s47_enquiry_id
ICPC010A,ssd_initial_cp_conference,s47_enquiry|child_protection,,nvarchar,48,icpc_person_id
ICPC011A,ssd_initial_cp_conference,child_protection|cp_plan,,nvarchar,48,icpc_cp_plan_id
ICPC012A,ssd_initial_cp_conference,,,nvarchar,48,icpc_referral_id
ICPC003A,ssd_initial_cp_conference,initial_cp_conference|child_protection,,nchar,1,icpc_icpc_transfer_in
ICPC004A,ssd_initial_cp_conference,initial_cp_conference|child_protection,,datetime,NULL,icpc_icpc_target_date
ICPC005A,ssd_initial_cp_conference,initial_cp_conference|child_protection,,datetime,NULL,icpc_icpc_date
ICPC013A,ssd_initial_cp_conference,,,nchar,1,icpc_icpc_outcome_cp_flag
ICPC006A,ssd_initial_cp_conference,initial_cp_conference|child_protection,,nvarchar,500,icpc_icpc_outcome_json
ICPC007A,ssd_initial_cp_conference,initial_cp_conference|child_protection,,nvarchar,48,icpc_icpc_team_name
ICPC008A,ssd_initial_cp_conference,initial_cp_conference|child_protection,,nvarchar,48,icpc_icpc_worker_name
CPPL001A,ssd_cp_plans,child_protection|cp_plan,,nvarchar,48,cppl_cp_plan_id
CPPL007A,ssd_cp_plans,child_protection|cp_plan,,nvarchar,48,cppl_referral_id
CPPL008A,ssd_cp_plans,child_protection|cp_plan,,nvarchar,48,cppl_icpc_id
CPPL002A,ssd_cp_plans,child_protection|cp_plan,,nvarchar,48,cppl_person_id
CPPL003A,ssd_cp_plans,child_protection|cp_plan,,datetime,NULL,cppl_cp_plan_start_date
CPPL004A,ssd_cp_plans,child_protection|cp_plan,,datetime,NULL,cppl_cp_plan_end_date
CPPL009A,ssd_cp_plans,child_protection|cp_plan,,nvarchar,100,cppl_cp_plan_initial_category
CPPL0101A,ssd_cp_plans,child_protection|cp_plan,,nvarchar,1,cppl_cp_plan_ola
CPPL010A,ssd_cp_plans,child_protection|cp_plan,,nvarchar,100,cppl_cp_plan_latest_category
CPPV007A,ssd_cp_visits,child_protection|cp_plan|visit,,nvarchar,48,cppv_cp_visit_id
CPPV008A,ssd_cp_visits,child_protection|cp_plan|visit,,nvarchar,48,cppv_person_id
CPPV001A,ssd_cp_visits,child_protection|cp_plan|visit,,nvarchar,48,cppv_cp_plan_id
CPPV003A,ssd_cp_visits,child_protection|cp_plan|visit,,datetime,NULL,cppv_cp_visit_date
CPPV004A,ssd_cp_visits,child_protection|cp_plan|visit,,nchar,1,cppv_cp_visit_seen
CPPV005A,ssd_cp_visits,child_protection|cp_plan|visit,,nchar,1,cppv_cp_visit_seen_alone
CPPV006A,ssd_cp_visits,child_protection|cp_plan|visit,,nchar,1,cppv_cp_visit_bedroom
CPPR001A,ssd_cp_reviews,child_protection|cp_plan|review,,nvarchar,48,cppr_cp_review_id
CPPR008A,ssd_cp_reviews,child_protection|cp_plan|review,,nvarchar,48,cppr_person_id
CPPR002A,ssd_cp_reviews,child_protection|cp_plan|review,,nvarchar,48,cppr_cp_plan_id
CPPR003A,ssd_cp_reviews,child_protection|cp_plan|review,,datetime,NULL,cppr_cp_review_due
CPPR004A,ssd_cp_reviews,child_protection|cp_plan|review,,datetime,NULL,cppr_cp_review_date
CPPR009A,ssd_cp_reviews,child_protection|cp_plan|review,,nvarchar,48,cppr_cp_review_meeting_id
CPPR005A,ssd_cp_reviews,child_protection|cp_plan|review,,nchar,1,cppr_cp_review_outcome_continue_cp
CPPR006A,ssd_cp_reviews,child_protection|cp_plan|review,,nchar,100,cppr_cp_review_quorate
CPPR007A,ssd_cp_reviews,child_protection|cp_plan|review,,nchar,100,cppr_cp_review_participation
CLAE001A,ssd_cla_episodes,looked_after,,nvarchar,48,clae_cla_episode_id
CLAE002A,ssd_cla_episodes,looked_after,,nvarchar,48,clae_person_id
CLAE003A,ssd_cla_episodes,looked_after,,datetime,NULL,clae_cla_episode_start_date
CLAE004A,ssd_cla_episodes,looked_after,,nvarchar,100,clae_cla_episode_start_reason
CLAE009A,ssd_cla_episodes,looked_after,,nvarchar,100,clae_cla_primary_need
CLAE005A,ssd_cla_episodes,looked_after,,datetime,NULL,clae_cla_episode_ceased
CLAE006A,ssd_cla_episodes,looked_after,,nvarchar,255,clae_cla_episode_ceased_reason
CLAE010A,ssd_cla_episodes,looked_after,,nvarchar,48,clae_cla_id
CLAE011A,ssd_cla_episodes,looked_after,,nvarchar,48,clae_referral_id
CLAE013A,ssd_cla_episodes,looked_after|review,,nvarchar,48,clae_cla_placement_id
CLAE014A,ssd_cla_episodes,looked_after|review,,nvarchar,48,clae_entered_care_date
CLAE012A,ssd_cla_episodes,looked_after|review,,datetime,NULL,clae_cla_last_iro_contact_date
CLAC001A,ssd_cla_convictions,looked_after|convictions,,nvarchar,48,clac_cla_conviction_id
CLAC002A,ssd_cla_convictions,looked_after|convictions,,nvarchar,48,clac_person_id
CLAC003A,ssd_cla_convictions,looked_after|convictions,,datetime,NULL,clac_cla_conviction_date
CLAC004A,ssd_cla_convictions,looked_after|convictions,,nvarchar,1000,clac_cla_conviction_offence
CLAH001A,ssd_cla_health,looked_after|health,,nvarchar,48,clah_health_check_id
CLAH002A,ssd_cla_health,looked_after|health,,nvarchar,48,clah_person_id
CLAH003A,ssd_cla_health,looked_after|health,,nvarchar,500,clah_health_check_type
CLAH004A,ssd_cla_health,looked_after|health,,datetime,NULL,clah_health_check_date
CLAH005A,ssd_cla_health,looked_after|health,,nvarchar,48,clah_health_check_status
CLAI002A,ssd_cla_immunisations,looked_after|health|immunisations,,nvarchar,48,clai_person_id
CLAI004A,ssd_cla_immunisations,looked_after|health|immunisations,,nchar,1,clai_immunisations_status
CLAI005A,ssd_cla_immunisations,,,,,clai_immunisations_status_date
CLAS001A,ssd_cla_substance_misuse,looked_after|health|substance_misuse,,nvarchar,48,clas_substance_misuse_id
CLAS002A,ssd_cla_substance_misuse,looked_after|health|substance_misuse,,nvarchar,48,clas_person_id
CLAS003A,ssd_cla_substance_misuse,looked_after|health|substance_misuse,,datetime,NULL,clas_substance_misuse_date
CLAS004A,ssd_cla_substance_misuse,looked_after|health|substance_misuse,,nchar,100,clas_substance_misused
CLAS005A,ssd_cla_substance_misuse,looked_after|health|substance_misuse,,nchar,1,clas_intervention_received
CLAP001A,ssd_cla_placement,looked_after|placement,,nvarchar,48,clap_cla_placement_id
CLAP003A,ssd_cla_placement,looked_after|placement,,datetime,NULL,clap_cla_placement_start_date
CLAP004A,ssd_cla_placement,looked_after|placement,,nvarchar,100,clap_cla_placement_type
CLAP005A,ssd_cla_placement,looked_after|placement,,nvarchar,48,clap_cla_placement_urn
CLAP011A,ssd_cla_placement,looked_after|placement,,float,4,clap_cla_placement_distance
CLAP012A,ssd_cla_placement,looked_after|placement,,nvarchar,48,clap_cla_id
CLAP007A,ssd_cla_placement,looked_after|placement,,nvarchar,48,clap_cla_placement_provider
CLAP008A,ssd_cla_placement,looked_after|placement,,nvarchar,8,clap_cla_placement_postcode
CLAP009A,ssd_cla_placement,looked_after|placement,,datetime,NULL,clap_cla_placement_end_date
CLAP010A,ssd_cla_placement,looked_after|placement,,nvarchar,100,clap_cla_placement_change_reason
CLAP013A,ssd_cla_placement,looked_after|placement,,nvarchar,48,clap_person_id
CLAR001A,ssd_cla_reviews,looked_after|review,,nvarchar,48,clar_cla_review_id
CLAR011A,ssd_cla_reviews,looked_after|review,,nvarchar,48,clar_cla_id
CLAR003A,ssd_cla_reviews,looked_after|review,,datetime,NULL,clar_cla_review_due_date
CLAR004A,ssd_cla_reviews,looked_after|review,,datetime,NULL,clar_cla_review_date
CLAR012A,ssd_cla_reviews,,,nvarchar,1,clar_cla_review_cancelled
CLAR007A,ssd_cla_reviews,looked_after|review,,nvarchar,100,clar_cla_review_participation
CLAV001A,ssd_cla_visits,looked_after|visit,,nvarchar,48,clav_cla_visit_id
CLAV007A,ssd_cla_visits,,,nvarchar,48,clav_cla_id
CLAV008A,ssd_cla_visits,looked_after|review,,nvarchar,48,clav_person_id
CLAV003A,ssd_cla_visits,looked_after|visit,,datetime,NULL,clav_cla_visit_date
CLAV004A,ssd_cla_visits,looked_after|visit,,nchar,1,clav_cla_visit_seen
CLAV005A,ssd_cla_visits,looked_after|visit,,nchar,1,clav_cla_visit_seen_alone
LAPP001A,ssd_cla_previous_permanence,looked_after|permanence,,nvarchar,48,lapp_table_id
LAPP002A,ssd_cla_previous_permanence,looked_after|permanence,,nvarchar,48,lapp_person_id
LAPP003A,ssd_cla_previous_permanence,looked_after|permanence,,nvarchar,100,lapp_previous_permanence_order_date
LAPP004A,ssd_cla_previous_permanence,looked_after|permanence,,nvarchar,200,lapp_previous_permanence_option
LAPP005A,ssd_cla_previous_permanence,looked_after|permanence,,nvarchar,100,lapp_previous_permanence_la
LACP001A,ssd_cla_care_plan,looked_after|care_plan,,nvarchar,48,lacp_table_id
LACP007A,ssd_cla_care_plan,looked_after|care_plan,,nvarchar,48,lacp_person_id
LACP004A,ssd_cla_care_plan,looked_after|care_plan,,datetime,NULL,lacp_cla_care_plan_start_date
LACP005A,ssd_cla_care_plan,looked_after|care_plan,,datetime,NULL,lacp_cla_care_plan_end_date
LACP003A,ssd_cla_care_plan,looked_after|care_plan,,nvarchar,100,lacp_cla_care_plan_json
CSDQ001A,ssd_sdq_scores,looked_after|sdq,,nvarchar,48,csdq_table_id
CSDQ002A,ssd_sdq_scores,looked_after|sdq,,nvarchar,48,csdq_person_id
CSDQ003A,ssd_sdq_scores,looked_after|sdq,,datetime,NULL,csdq_sdq_completed_date
CSDQ004A,ssd_sdq_scores,looked_after|sdq,,nvarchar,100,csdq_sdq_reason
CSDQ005A,ssd_sdq_scores,looked_after|sdq,,nvarchar,100,csdq_sdq_score
MISS001A,ssd_missing,looked_after|missing,,nvarchar,48,miss_table_id
MISS002A,ssd_missing,looked_after|missing,,nvarchar,48,miss_person_id
MISS003A,ssd_missing,looked_after|missing,,datetime,NULL,miss_missing_episode_start_date
MISS004A,ssd_missing,looked_after|missing,,nvarchar,100,miss_missing_episode_type
MISS005A,ssd_missing,looked_after|missing,,datetime,NULL,miss_missing_episode_end_date
MISS006A,ssd_missing,looked_after|missing,,nchar,1,miss_missing_rhi_offered
MISS007A,ssd_missing,looked_after|missing,,nchar,1,miss_missing_rhi_accepted
CLEA001A,ssd_care_leavers,care_leavers,,nvarchar,48,clea_table_id
CLEA002A,ssd_care_leavers,care_leavers,,nvarchar,48,clea_person_id
CLEA003A,ssd_care_leavers,care_leavers,,nvarchar,100,clea_care_leaver_eligibility
CLEA004A,ssd_care_leavers,care_leavers,,nvarchar,100,clea_care_leaver_in_touch
CLEA005A,ssd_care_leavers,care_leavers,,datetime,NULL,clea_care_leaver_latest_contact
CLEA006A,ssd_care_leavers,care_leavers,,nvarchar,100,clea_care_leaver_accommodation
CLEA007A,ssd_care_leavers,care_leavers,,nvarchar,100,clea_care_leaver_accom_suitable
CLEA008A,ssd_care_leavers,care_leavers,,nvarchar,100,clea_care_leaver_activity
CLEA009A,ssd_care_leavers,care_leavers,,datetime,NULL,clea_pathway_plan_review_date
CLEA010A,ssd_care_leavers,care_leavers,,nvarchar,100,clea_care_leaver_personal_advisor
CLEA011A,ssd_care_leavers,care_leavers,,nvarchar,48,clea_care_leaver_allocated_team_name
CLEA012A,ssd_care_leavers,care_leavers,,nvarchar,48,clea_care_leaver_worker_name
PERM001A,ssd_permanence,looked_after|permanence|adoption,,nvarchar,48,perm_table_id
PERM002A,ssd_permanence,looked_after|permanence|adoption,,nvarchar,48,perm_person_id
PERM022A,ssd_permanence,looked_after|permanence|adoption,,nvarchar,48,perm_cla_id
PERM003A,ssd_permanence,looked_after|permanence|adoption,,datetime,NULL,perm_adm_decision_date
PERM004A,ssd_permanence,looked_after|permanence|adoption,,datetime,NULL,perm_ffa_cp_decision_date
PERM006A,ssd_permanence,looked_after|permanence|adoption,,datetime,NULL,perm_placement_order_date
PERM007A,ssd_permanence,looked_after|permanence|adoption,,datetime,NULL,perm_placed_for_adoption_date
PERM008A,ssd_permanence,looked_after|permanence|adoption,,datetime,NULL,perm_matched_date
PERM021A,ssd_permanence,looked_after|permanence|adoption,,nchar,1,perm_adopted_by_carer_flag
PERM009A,ssd_permanence,looked_after|permanence|adoption,,datetime,NULL,perm_placed_ffa_cp_date
PERM010A,ssd_permanence,looked_after|permanence|adoption,,datetime,NULL,perm_decision_reversed_date
PERM011A,ssd_permanence,looked_after|permanence|adoption,,datetime,NULL,perm_placed_foster_carer_date
PERM012A,ssd_permanence,looked_after|permanence|adoption,,nchar,1,perm_part_of_sibling_group
PERM013A,ssd_permanence,looked_after|permanence|adoption,,int,2,perm_siblings_placed_together
PERM014A,ssd_permanence,looked_after|permanence|adoption,,int,2,perm_siblings_placed_apart
PERM015A,ssd_permanence,looked_after|permanence|adoption,,nvarchar,48,perm_placement_provider_urn
PERM016A,ssd_permanence,looked_after|permanence|adoption,,nvarchar,100,perm_decision_reversed_reason
PERM017A,ssd_permanence,looked_after|permanence,,datetime,NULL,perm_permanence_order_date
PERM018A,ssd_permanence,looked_after|permanence,,nvarchar,100,perm_permanence_order_type
PERM023A,ssd_permanence,looked_after|permanence|adoption,,nvarchar,48,perm_adoption_worker
PERM025A,ssd_permanence,looked_after|permanence|adoption,,nvarchar,48,perm_adopter_sex
PERM026A,ssd_permanence,looked_after|permanence|adoption,,nvarchar,100,perm_adopter_legal_status
PERM027A,ssd_permanence,looked_after|permanence|adoption,,nvarchar,3,perm_number_of_adopters
SEND001A,ssd_send,identity|send,,nvarchar,48,send_table_id
SEND002A,ssd_send,identity|send,,nvarchar,48,send_upn
SEND003A,ssd_send,identity|send,,nvarchar,48,send_uln
SEND004A,ssd_send,identity|send,,nchar,1,send_upn_unknown
SEND005A,ssd_send,identity|send,,nvarchar,48,send_person_id
EHCR001A,ssd_ehcp_requests,send|ehcp_request,,nvarchar,48,ehcr_ehcp_request_id
EHCR002A,ssd_ehcp_requests,identity|send|ehcp_request,,nvarchar,48,ehcr_send_table_id
EHCR003A,ssd_ehcp_requests,send|ehcp_request,,datetime,NULL,ehcr_ehcp_req_date
EHCR004A,ssd_ehcp_requests,send|ehcp_request,,datetime,NULL,ehcr_ehcp_req_outcome_date
EHCR005A,ssd_ehcp_requests,send|ehcp_request,,nvarchar,100,ehcr_ehcp_req_outcome
EHCA001A,ssd_ehcp_assessment,send|ehcp_request|ehcp_assessment,,nvarchar,48,ehca_ehcp_assessment_id
EHCA002A,ssd_ehcp_assessment,send|ehcp_request|ehcp_assessment,,nvarchar,48,ehca_ehcp_request_id
EHCA003A,ssd_ehcp_assessment,send|ehcp_request|ehcp_assessment,,datetime,NULL,ehca_ehcp_assessment_outcome_date
EHCA004A,ssd_ehcp_assessment,send|ehcp_request|ehcp_assessment,,nvarchar,100,ehca_ehcp_assessment_outcome
EHCA005A,ssd_ehcp_assessment,send|ehcp_request|ehcp_assessment,,nvarchar,100,ehca_ehcp_assessment_exceptions
EHCN001A,ssd_ehcp_named_plan,send|ehcp_request|ehcp_assessment,,nvarchar,48,ehcn_named_plan_id
EHCN002A,ssd_ehcp_named_plan,send|ehcp_request|ehcp_assessment,,nvarchar,48,ehcn_ehcp_asmt_id
EHCN003A,ssd_ehcp_named_plan,send|ehcp_request|ehcp_assessment,,datetime,NULL,ehcn_named_plan_start_date
EHCN004A,ssd_ehcp_named_plan,send|ehcp_request|ehcp_assessment,,datetime,NULL,ehcn_named_plan_cease_date
EHCN005A,ssd_ehcp_named_plan,send|ehcp_request|ehcp_assessment,,nvarchar,100,ehcn_named_plan_cease_reason
EHCP001A,ssd_ehcp_active_plans,send|ehcp_request|ehcp,,nvarchar,48,ehcp_active_ehcp_id
EHCP002A,ssd_ehcp_active_plans,send|ehcp_request|ehcp,,nvarchar,48,ehcp_ehcp_request_id
EHCP003A,ssd_ehcp_active_plans,send|ehcp_request|ehcp,,datetime,NULL,ehcp_active_ehcp_last_review_date
SENN001A,ssd_sen_need,send|ehcp_request|ehcp|need,,nvarchar,48,senn_table_id
SENN002A,ssd_sen_need,send|ehcp_request|ehcp|need,,nvarchar,48,senn_active_ehcp_id
SENN003A,ssd_sen_need,send|ehcp_request|ehcp|need,,nvarchar,100,senn_active_ehcp_need_type
SENN004A,ssd_sen_need,send|ehcp_request|ehcp|need,,nvarchar,1,senn_active_ehcp_need_rank
INVO005A,ssd_involvements,workforce,,nvarchar,48,invo_involvements_id
INVO006A,ssd_involvements,workforce,,nvarchar,48,invo_professional_id
INVO007A,ssd_involvements,workforce,,nvarchar,200,invo_professional_role_id
INVO009A,ssd_involvements,workforce,,nvarchar,200,invo_professional_team
INVO002A,ssd_involvements,workforce,,datetime,NULL,invo_involvement_start_date
INVO003A,ssd_involvements,workforce,,datetime,NULL,invo_involvement_end_date
INVO004A,ssd_involvements,workforce,,nvarchar,200,invo_worker_change_reason
INVO011A,ssd_involvements,workforce,,nvarchar,48,invo_person_id
INVO010A,ssd_involvements,workforce,,nvarchar,48,invo_referral_id
PROF001A,ssd_professionals,workforce,,nvarchar,48,prof_professional_id
PROF010A,ssd_professionals,workforce,,nvarchar,48,prof_staff_id
PROF013A,ssd_professionals,workforce,,nvarchar,300,prof_professional_name
PROF002A,ssd_professionals,workforce,,nvarchar,48,prof_social_worker_registration_no
PROF007A,ssd_professionals,workforce,,nvarchar,500,prof_professional_job_title
PROF008A,ssd_professionals,workforce,,int,5,prof_professional_caseload
PROF012A,ssd_professionals,workforce,,nvarchar,100,prof_professional_department
PROF011A,ssd_professionals,workforce,,float,4,prof_full_time_equivalency
PROF014A,ssd_professionals,workforce,,NCHAR,1,prof_agency_worker_flag
PREP024A,ssd_pre_proceedings,pre_proceedings,,nvarchar,48,prep_table_id
PREP001A,ssd_pre_proceedings,pre_proceedings,,nvarchar,48,prep_person_id
PREP002A,ssd_pre_proceedings,pre_proceedings,,nvarchar,48,prep_plo_family_id
PREP003A,ssd_pre_proceedings,pre_proceedings,,datetime,NULL,prep_pre_pro_decision_date
PREP004A,ssd_pre_proceedings,pre_proceedings,,datetime,NULL,prep_initial_pre_pro_meeting_date
PREP005A,ssd_pre_proceedings,pre_proceedings,,nvarchar,100,prep_pre_pro_outcome
PREP006A,ssd_pre_proceedings,pre_proceedings,,datetime,NULL,prep_agree_stepdown_issue_date
PREP007A,ssd_pre_proceedings,pre_proceedings,,int,4,prep_cp_plans_referral_period
PREP008A,ssd_pre_proceedings,pre_proceedings,,nvarchar,100,prep_legal_gateway_outcome
PREP009A,ssd_pre_proceedings,pre_proceedings,,int,4,prep_prev_pre_proc_child
PREP010A,ssd_pre_proceedings,pre_proceedings,,int,4,prep_prev_care_proc_child
PREP011A,ssd_pre_proceedings,pre_proceedings,,datetime,NULL,prep_pre_pro_letter_date
PREP012A,ssd_pre_proceedings,pre_proceedings,,datetime,NULL,prep_care_pro_letter_date
PREP013A,ssd_pre_proceedings,pre_proceedings,,int,4,prep_pre_pro_meetings_num
PREP014A,ssd_pre_proceedings,pre_proceedings,,nchar,1,prep_pre_pro_parents_legal_rep
PREP015A,ssd_pre_proceedings,pre_proceedings,,nchar,2,prep_parents_legal_rep_point_of_issue
PREP016A,ssd_pre_proceedings,pre_proceedings,,nvarchar,48,prep_court_reference
PREP017A,ssd_pre_proceedings,pre_proceedings,,int,4,prep_care_proc_court_hearings
PREP018A,ssd_pre_proceedings,pre_proceedings,,nchar,1,prep_care_proc_short_notice
PREP019A,ssd_pre_proceedings,pre_proceedings,,nvarchar,100,prep_proc_short_notice_reason
PREP020A,ssd_pre_proceedings,pre_proceedings,,nchar,1,prep_la_inital _plan_approved
PREP021A,ssd_pre_proceedings,pre_proceedings,,nvarchar,100,prep_la_initial_care_plan
PREP022A,ssd_pre_proceedings,pre_proceedings,,nchar,1,prep_la_final_plan_approved
PREP023A,ssd_pre_proceedings,pre_proceedings,,nvarchar,100,prep_la_final_care_plan
VOCH007A,ssd_voice_of_child,voice_of_child,,nvarchar,48,voch_table_id
VOCH001A,ssd_voice_of_child,voice_of_child,,nvarchar,48,voch_person_id
VOCH002A,ssd_voice_of_child,voice_of_child,,nchar,1,voch_explained_worries
VOCH003A,ssd_voice_of_child,voice_of_child,,nchar,1,voch_story_help_understand
VOCH004A,ssd_voice_of_child,voice_of_child,,nchar,1,voch_agree_worker
VOCH005A,ssd_voice_of_child,voice_of_child,,nchar,1,voch_plan_safe
VOCH006A,ssd_voice_of_child,voice_of_child,,nchar,1,voch_tablet_help_explain
LINK001A,ssd_linked_identifiers,linked_identifiers,,nvarchar,48,link_table_id
LINK002A,ssd_linked_identifiers,linked_identifiers,,nvarchar,48,link_person_id
LINK003A,ssd_linked_identifiers,linked_identifiers,,nvarchar,20,link_identifier_type
LINK004A,ssd_linked_identifiers,linked_identifiers,,nvarchar,20,link_identifier_value
LINK005A,ssd_linked_identifiers,linked_identifiers,,datetime,NULL,link_valid_from_date
LINK006A,ssd_linked_identifiers,linked_identifiers,,datetime,NULL,link_valid_to_date
S251001A,ssd_s251_finance,finance,,nvarchar,48,s251_table_id
S251002A,ssd_s251_finance,finance,,nvarchar,48,s251_cla_placement_id
S251003A,ssd_s251_finance,finance,,nvarchar,48,s251_placeholder_1
S251004A,ssd_s251_finance,finance,,nvarchar,48,s251_placeholder_2
S251005A,ssd_s251_finance,finance,,nvarchar,48,s251_placeholder_3
S251006A,ssd_s251_finance,finance,,nvarchar,48,s251_placeholder_4
