source_system,source_file,schema_name,table_name,field_name,table_field,ordinal_position,data_type,size_text,full_type,max_length,numeric_precision,numeric_scale,is_nullable
mosaic,/workspaces/ssd-data-model/deployment_extracts/mosaic/live/ssd_deployment_individual_files/populate_ssd_data_warehouse.sql,,ssd_address,addr_table_id,ssd_address.addr_table_id,1,varchar,48,varchar(48),48,,,
mosaic,/workspaces/ssd-data-model/deployment_extracts/mosaic/live/ssd_deployment_individual_files/populate_ssd_data_warehouse.sql,,ssd_address,addr_address_json,ssd_address.addr_address_json,2,varchar,1000,varchar(1000),1000,,,
mosaic,/workspaces/ssd-data-model/deployment_extracts/mosaic/live/ssd_deployment_individual_files/populate_ssd_data_warehouse.sql,,ssd_address,addr_person_id,ssd_address.addr_person_id,3,varchar,48,varchar(48),48,,,
mosaic,/workspaces/ssd-data-model/deployment_extracts/mosaic/live/ssd_deployment_individual_files/populate_ssd_data_warehouse.sql,,ssd_address,addr_address_type,ssd_address.addr_address_type,4,varchar,48,varchar(48),48,,,
mosaic,/workspaces/ssd-data-model/deployment_extracts/mosaic/live/ssd_deployment_individual_files/populate_ssd_data_warehouse.sql,,ssd_address,addr_address_start_date,ssd_address.addr_address_start_date,5,datetime,,datetime,,,,
mosaic,/workspaces/ssd-data-model/deployment_extracts/mosaic/live/ssd_deployment_individual_files/populate_ssd_data_warehouse.sql,,ssd_address,addr_address_end_date,ssd_address.addr_address_end_date,6,datetime,,datetime,,,,
mosaic,/workspaces/ssd-data-model/deployment_extracts/mosaic/live/ssd_deployment_individual_files/populate_ssd_data_warehouse.sql,,ssd_address,addr_address_postcode,ssd_address.addr_address_postcode,7,varchar,15,varchar(15),15,,,
mosaic,/workspaces/ssd-data-model/deployment_extracts/mosaic/live/ssd_deployment_individual_files/populate_ssd_data_warehouse.sql,,ssd_assessment_factors,cinf_table_id,ssd_assessment_factors.cinf_table_id,1,varchar,48,varchar(48),48,,,
mosaic,/workspaces/ssd-data-model/deployment_extracts/mosaic/live/ssd_deployment_individual_files/populate_ssd_data_warehouse.sql,,ssd_assessment_factors,cinf_assessment_id,ssd_assessment_factors.cinf_assessment_id,2,varchar,48,varchar(48),48,,,
mosaic,/workspaces/ssd-data-model/deployment_extracts/mosaic/live/ssd_deployment_individual_files/populate_ssd_data_warehouse.sql,,ssd_assessment_factors,cinf_assessment_factors_json,ssd_assessment_factors.cinf_assessment_factors_json,3,varchar,1000,varchar(1000),1000,,,
mosaic,/workspaces/ssd-data-model/deployment_extracts/mosaic/live/ssd_deployment_individual_files/populate_ssd_data_warehouse.sql,,ssd_care_leavers,clea_table_id,ssd_care_leavers.clea_table_id,1,varchar,48,varchar(48),48,,,
mosaic,/workspaces/ssd-data-model/deployment_extracts/mosaic/live/ssd_deployment_individual_files/populate_ssd_data_warehouse.sql,,ssd_care_leavers,clea_person_id,ssd_care_leavers.clea_person_id,2,varchar,48,varchar(48),48,,,
mosaic,/workspaces/ssd-data-model/deployment_extracts/mosaic/live/ssd_deployment_individual_files/populate_ssd_data_warehouse.sql,,ssd_care_leavers,clea_care_leaver_eligibility,ssd_care_leavers.clea_care_leaver_eligibility,3,varchar,100,varchar(100),100,,,
mosaic,/workspaces/ssd-data-model/deployment_extracts/mosaic/live/ssd_deployment_individual_files/populate_ssd_data_warehouse.sql,,ssd_care_leavers,clea_care_leaver_in_touch,ssd_care_leavers.clea_care_leaver_in_touch,4,varchar,100,varchar(100),100,,,
mosaic,/workspaces/ssd-data-model/deployment_extracts/mosaic/live/ssd_deployment_individual_files/populate_ssd_data_warehouse.sql,,ssd_care_leavers,clea_care_leaver_latest_contact,ssd_care_leavers.clea_care_leaver_latest_contact,5,datetime,,datetime,,,,
mosaic,/workspaces/ssd-data-model/deployment_extracts/mosaic/live/ssd_deployment_individual_files/populate_ssd_data_warehouse.sql,,ssd_care_leavers,clea_care_leaver_accommodation,ssd_care_leavers.clea_care_leaver_accommodation,6,varchar,100,varchar(100),100,,,
mosaic,/workspaces/ssd-data-model/deployment_extracts/mosaic/live/ssd_deployment_individual_files/populate_ssd_data_warehouse.sql,,ssd_care_leavers,clea_care_leaver_accom_suitable,ssd_care_leavers.clea_care_leaver_accom_suitable,7,varchar,100,varchar(100),100,,,
mosaic,/workspaces/ssd-data-model/deployment_extracts/mosaic/live/ssd_deployment_individual_files/populate_ssd_data_warehouse.sql,,ssd_care_leavers,clea_care_leaver_activity,ssd_care_leavers.clea_care_leaver_activity,8,varchar,100,varchar(100),100,,,
mosaic,/workspaces/ssd-data-model/deployment_extracts/mosaic/live/ssd_deployment_individual_files/populate_ssd_data_warehouse.sql,,ssd_care_leavers,clea_pathway_plan_review_date,ssd_care_leavers.clea_pathway_plan_review_date,9,datetime,,datetime,,,,
mosaic,/workspaces/ssd-data-model/deployment_extracts/mosaic/live/ssd_deployment_individual_files/populate_ssd_data_warehouse.sql,,ssd_care_leavers,clea_care_leaver_personal_advisor,ssd_care_leavers.clea_care_leaver_personal_advisor,10,varchar,100,varchar(100),100,,,
mosaic,/workspaces/ssd-data-model/deployment_extracts/mosaic/live/ssd_deployment_individual_files/populate_ssd_data_warehouse.sql,,ssd_care_leavers,clea_care_leaver_allocated_team,ssd_care_leavers.clea_care_leaver_allocated_team,11,varchar,48,varchar(48),48,,,
mosaic,/workspaces/ssd-data-model/deployment_extracts/mosaic/live/ssd_deployment_individual_files/populate_ssd_data_warehouse.sql,,ssd_care_leavers,clea_care_leaver_worker_id,ssd_care_leavers.clea_care_leaver_worker_id,12,varchar,48,varchar(48),48,,,
mosaic,/workspaces/ssd-data-model/deployment_extracts/mosaic/live/ssd_deployment_individual_files/populate_ssd_data_warehouse.sql,,ssd_cin_assessments,cina_assessment_id,ssd_cin_assessments.cina_assessment_id,1,varchar,48,varchar(48),48,,,
mosaic,/workspaces/ssd-data-model/deployment_extracts/mosaic/live/ssd_deployment_individual_files/populate_ssd_data_warehouse.sql,,ssd_cin_assessments,cina_person_id,ssd_cin_assessments.cina_person_id,2,varchar,48,varchar(48),48,,,
mosaic,/workspaces/ssd-data-model/deployment_extracts/mosaic/live/ssd_deployment_individual_files/populate_ssd_data_warehouse.sql,,ssd_cin_assessments,cina_referral_id,ssd_cin_assessments.cina_referral_id,3,varchar,48,varchar(48),48,,,
mosaic,/workspaces/ssd-data-model/deployment_extracts/mosaic/live/ssd_deployment_individual_files/populate_ssd_data_warehouse.sql,,ssd_cin_assessments,cina_assessment_start_date,ssd_cin_assessments.cina_assessment_start_date,4,datetime,,datetime,,,,
mosaic,/workspaces/ssd-data-model/deployment_extracts/mosaic/live/ssd_deployment_individual_files/populate_ssd_data_warehouse.sql,,ssd_cin_assessments,cina_assessment_child_seen,ssd_cin_assessments.cina_assessment_child_seen,5,varchar,1,varchar(1),1,,,
mosaic,/workspaces/ssd-data-model/deployment_extracts/mosaic/live/ssd_deployment_individual_files/populate_ssd_data_warehouse.sql,,ssd_cin_assessments,cina_assessment_auth_date,ssd_cin_assessments.cina_assessment_auth_date,6,datetime,,datetime,,,,
mosaic,/workspaces/ssd-data-model/deployment_extracts/mosaic/live/ssd_deployment_individual_files/populate_ssd_data_warehouse.sql,,ssd_cin_assessments,cina_assessment_outcome_json,ssd_cin_assessments.cina_assessment_outcome_json,7,varchar,1000,varchar(1000),1000,,,
mosaic,/workspaces/ssd-data-model/deployment_extracts/mosaic/live/ssd_deployment_individual_files/populate_ssd_data_warehouse.sql,,ssd_cin_assessments,cina_assessment_outcome_nfa,ssd_cin_assessments.cina_assessment_outcome_nfa,8,varchar,1,varchar(1),1,,,
mosaic,/workspaces/ssd-data-model/deployment_extracts/mosaic/live/ssd_deployment_individual_files/populate_ssd_data_warehouse.sql,,ssd_cin_assessments,cina_assessment_team,ssd_cin_assessments.cina_assessment_team,9,varchar,100,varchar(100),100,,,
mosaic,/workspaces/ssd-data-model/deployment_extracts/mosaic/live/ssd_deployment_individual_files/populate_ssd_data_warehouse.sql,,ssd_cin_assessments,cina_assessment_worker_id,ssd_cin_assessments.cina_assessment_worker_id,10,varchar,48,varchar(48),48,,,
mosaic,/workspaces/ssd-data-model/deployment_extracts/mosaic/live/ssd_deployment_individual_files/populate_ssd_data_warehouse.sql,,ssd_cin_episodes,cine_referral_id,ssd_cin_episodes.cine_referral_id,1,int,,int,,,,
mosaic,/workspaces/ssd-data-model/deployment_extracts/mosaic/live/ssd_deployment_individual_files/populate_ssd_data_warehouse.sql,,ssd_cin_episodes,cine_person_id,ssd_cin_episodes.cine_person_id,2,varchar,48,varchar(48),48,,,
mosaic,/workspaces/ssd-data-model/deployment_extracts/mosaic/live/ssd_deployment_individual_files/populate_ssd_data_warehouse.sql,,ssd_cin_episodes,cine_referral_date,ssd_cin_episodes.cine_referral_date,3,datetime,,datetime,,,,
mosaic,/workspaces/ssd-data-model/deployment_extracts/mosaic/live/ssd_deployment_individual_files/populate_ssd_data_warehouse.sql,,ssd_cin_episodes,cine_cin_primary_need_code,ssd_cin_episodes.cine_cin_primary_need_code,4,varchar,16,varchar(16),16,,,
mosaic,/workspaces/ssd-data-model/deployment_extracts/mosaic/live/ssd_deployment_individual_files/populate_ssd_data_warehouse.sql,,ssd_cin_episodes,cine_referral_source_code,ssd_cin_episodes.cine_referral_source_code,5,varchar,48,varchar(48),48,,,
mosaic,/workspaces/ssd-data-model/deployment_extracts/mosaic/live/ssd_deployment_individual_files/populate_ssd_data_warehouse.sql,,ssd_cin_episodes,cine_referral_source_desc,ssd_cin_episodes.cine_referral_source_desc,6,varchar,255,varchar(255),255,,,
mosaic,/workspaces/ssd-data-model/deployment_extracts/mosaic/live/ssd_deployment_individual_files/populate_ssd_data_warehouse.sql,,ssd_cin_episodes,cine_referral_outcome_json,ssd_cin_episodes.cine_referral_outcome_json,7,varchar,4000,varchar(4000),4000,,,
mosaic,/workspaces/ssd-data-model/deployment_extracts/mosaic/live/ssd_deployment_individual_files/populate_ssd_data_warehouse.sql,,ssd_cin_episodes,cine_referral_nfa,ssd_cin_episodes.cine_referral_nfa,8,varchar,1,varchar(1),1,,,
mosaic,/workspaces/ssd-data-model/deployment_extracts/mosaic/live/ssd_deployment_individual_files/populate_ssd_data_warehouse.sql,,ssd_cin_episodes,cine_close_reason,ssd_cin_episodes.cine_close_reason,9,varchar,100,varchar(100),100,,,
mosaic,/workspaces/ssd-data-model/deployment_extracts/mosaic/live/ssd_deployment_individual_files/populate_ssd_data_warehouse.sql,,ssd_cin_episodes,cine_close_date,ssd_cin_episodes.cine_close_date,10,datetime,,datetime,,,,
mosaic,/workspaces/ssd-data-model/deployment_extracts/mosaic/live/ssd_deployment_individual_files/populate_ssd_data_warehouse.sql,,ssd_cin_episodes,cine_referral_team,ssd_cin_episodes.cine_referral_team,11,varchar,100,varchar(100),100,,,
mosaic,/workspaces/ssd-data-model/deployment_extracts/mosaic/live/ssd_deployment_individual_files/populate_ssd_data_warehouse.sql,,ssd_cin_episodes,cine_referral_worker_id,ssd_cin_episodes.cine_referral_worker_id,12,varchar,48,varchar(48),48,,,
mosaic,/workspaces/ssd-data-model/deployment_extracts/mosaic/live/ssd_deployment_individual_files/populate_ssd_data_warehouse.sql,,ssd_cin_plans,cin_plan_id,ssd_cin_plans.cin_plan_id,1,varchar,48,varchar(48),48,,,
mosaic,/workspaces/ssd-data-model/deployment_extracts/mosaic/live/ssd_deployment_individual_files/populate_ssd_data_warehouse.sql,,ssd_cin_plans,cinp_referral_id,ssd_cin_plans.cinp_referral_id,2,varchar,48,varchar(48),48,,,
mosaic,/workspaces/ssd-data-model/deployment_extracts/mosaic/live/ssd_deployment_individual_files/populate_ssd_data_warehouse.sql,,ssd_cin_plans,cinp_person_id,ssd_cin_plans.cinp_person_id,3,varchar,48,varchar(48),48,,,
mosaic,/workspaces/ssd-data-model/deployment_extracts/mosaic/live/ssd_deployment_individual_files/populate_ssd_data_warehouse.sql,,ssd_cin_plans,cinp_cin_plan_start_date,ssd_cin_plans.cinp_cin_plan_start_date,4,datetime,,datetime,,,,
mosaic,/workspaces/ssd-data-model/deployment_extracts/mosaic/live/ssd_deployment_individual_files/populate_ssd_data_warehouse.sql,,ssd_cin_plans,cinp_cin_plan_end_date,ssd_cin_plans.cinp_cin_plan_end_date,5,datetime,,datetime,,,,
mosaic,/workspaces/ssd-data-model/deployment_extracts/mosaic/live/ssd_deployment_individual_files/populate_ssd_data_warehouse.sql,,ssd_cin_plans,cinp_cin_plan_team,ssd_cin_plans.cinp_cin_plan_team,6,varchar,100,varchar(100),100,,,
mosaic,/workspaces/ssd-data-model/deployment_extracts/mosaic/live/ssd_deployment_individual_files/populate_ssd_data_warehouse.sql,,ssd_cin_plans,cinp_cin_plan_worker_id,ssd_cin_plans.cinp_cin_plan_worker_id,7,varchar,48,varchar(48),48,,,
mosaic,/workspaces/ssd-data-model/deployment_extracts/mosaic/live/ssd_deployment_individual_files/populate_ssd_data_warehouse.sql,,ssd_cin_visits,cinv_cin_visit_id,ssd_cin_visits.cinv_cin_visit_id,1,varchar,48,varchar(48),48,,,
mosaic,/workspaces/ssd-data-model/deployment_extracts/mosaic/live/ssd_deployment_individual_files/populate_ssd_data_warehouse.sql,,ssd_cin_visits,cinv_cin_plan_id,ssd_cin_visits.cinv_cin_plan_id,2,varchar,48,varchar(48),48,,,
mosaic,/workspaces/ssd-data-model/deployment_extracts/mosaic/live/ssd_deployment_individual_files/populate_ssd_data_warehouse.sql,,ssd_cin_visits,cinv_cin_visit_date,ssd_cin_visits.cinv_cin_visit_date,3,datetime,,datetime,,,,
mosaic,/workspaces/ssd-data-model/deployment_extracts/mosaic/live/ssd_deployment_individual_files/populate_ssd_data_warehouse.sql,,ssd_cin_visits,cinv_cin_visit_seen,ssd_cin_visits.cinv_cin_visit_seen,4,varchar,1,varchar(1),1,,,
mosaic,/workspaces/ssd-data-model/deployment_extracts/mosaic/live/ssd_deployment_individual_files/populate_ssd_data_warehouse.sql,,ssd_cin_visits,cinv_cin_visit_seen_alone,ssd_cin_visits.cinv_cin_visit_seen_alone,5,varchar,1,varchar(1),1,,,
mosaic,/workspaces/ssd-data-model/deployment_extracts/mosaic/live/ssd_deployment_individual_files/populate_ssd_data_warehouse.sql,,ssd_cin_visits,cinv_cin_visit_bedroom,ssd_cin_visits.cinv_cin_visit_bedroom,6,varchar,1,varchar(1),1,,,
mosaic,/workspaces/ssd-data-model/deployment_extracts/mosaic/live/ssd_deployment_individual_files/populate_ssd_data_warehouse.sql,,ssd_cla_care_plan,lacp_cla_care_plan_id,ssd_cla_care_plan.lacp_cla_care_plan_id,1,varchar,48,varchar(48),48,,,
mosaic,/workspaces/ssd-data-model/deployment_extracts/mosaic/live/ssd_deployment_individual_files/populate_ssd_data_warehouse.sql,,ssd_cla_care_plan,lacp_cla_care_plan_start_date,ssd_cla_care_plan.lacp_cla_care_plan_start_date,2,datetime,,datetime,,,,
mosaic,/workspaces/ssd-data-model/deployment_extracts/mosaic/live/ssd_deployment_individual_files/populate_ssd_data_warehouse.sql,,ssd_cla_care_plan,lacp_cla_care_plan_end_date,ssd_cla_care_plan.lacp_cla_care_plan_end_date,3,datetime,,datetime,,,,
mosaic,/workspaces/ssd-data-model/deployment_extracts/mosaic/live/ssd_deployment_individual_files/populate_ssd_data_warehouse.sql,,ssd_cla_care_plan,lacp_cla_care_plan_json,ssd_cla_care_plan.lacp_cla_care_plan_json,4,varchar,100,varchar(100),100,,,
mosaic,/workspaces/ssd-data-model/deployment_extracts/mosaic/live/ssd_deployment_individual_files/populate_ssd_data_warehouse.sql,,ssd_cla_care_plan,lacp_person_id,ssd_cla_care_plan.lacp_person_id,5,varchar,48,varchar(48),48,,,
mosaic,/workspaces/ssd-data-model/deployment_extracts/mosaic/live/ssd_deployment_individual_files/populate_ssd_data_warehouse.sql,,ssd_cla_convictions,clac_cla_conviction_id,ssd_cla_convictions.clac_cla_conviction_id,1,varchar,48,varchar(48),48,,,
mosaic,/workspaces/ssd-data-model/deployment_extracts/mosaic/live/ssd_deployment_individual_files/populate_ssd_data_warehouse.sql,,ssd_cla_convictions,clac_person_id,ssd_cla_convictions.clac_person_id,2,varchar,48,varchar(48),48,,,
mosaic,/workspaces/ssd-data-model/deployment_extracts/mosaic/live/ssd_deployment_individual_files/populate_ssd_data_warehouse.sql,,ssd_cla_convictions,clac_cla_conviction_date,ssd_cla_convictions.clac_cla_conviction_date,3,datetime,,datetime,,,,
mosaic,/workspaces/ssd-data-model/deployment_extracts/mosaic/live/ssd_deployment_individual_files/populate_ssd_data_warehouse.sql,,ssd_cla_episodes,clae_cla_episode_id,ssd_cla_episodes.clae_cla_episode_id,1,varchar,48,varchar(48),48,,,
mosaic,/workspaces/ssd-data-model/deployment_extracts/mosaic/live/ssd_deployment_individual_files/populate_ssd_data_warehouse.sql,,ssd_cla_episodes,clae_person_id,ssd_cla_episodes.clae_person_id,2,varchar,48,varchar(48),48,,,
mosaic,/workspaces/ssd-data-model/deployment_extracts/mosaic/live/ssd_deployment_individual_files/populate_ssd_data_warehouse.sql,,ssd_cla_episodes,clae_cla_episode_start_date,ssd_cla_episodes.clae_cla_episode_start_date,3,datetime,,datetime,,,,
mosaic,/workspaces/ssd-data-model/deployment_extracts/mosaic/live/ssd_deployment_individual_files/populate_ssd_data_warehouse.sql,,ssd_cla_episodes,clae_cla_episode_start_reason,ssd_cla_episodes.clae_cla_episode_start_reason,4,varchar,100,varchar(100),100,,,
mosaic,/workspaces/ssd-data-model/deployment_extracts/mosaic/live/ssd_deployment_individual_files/populate_ssd_data_warehouse.sql,,ssd_cla_episodes,clae_cla_primary_need_code,ssd_cla_episodes.clae_cla_primary_need_code,5,varchar,100,varchar(100),100,,,
mosaic,/workspaces/ssd-data-model/deployment_extracts/mosaic/live/ssd_deployment_individual_files/populate_ssd_data_warehouse.sql,,ssd_cla_episodes,clae_cla_id,ssd_cla_episodes.clae_cla_id,6,varchar,48,varchar(48),48,,,
mosaic,/workspaces/ssd-data-model/deployment_extracts/mosaic/live/ssd_deployment_individual_files/populate_ssd_data_warehouse.sql,,ssd_cla_episodes,clae_referral_id,ssd_cla_episodes.clae_referral_id,7,varchar,48,varchar(48),48,,,
mosaic,/workspaces/ssd-data-model/deployment_extracts/mosaic/live/ssd_deployment_individual_files/populate_ssd_data_warehouse.sql,,ssd_cla_episodes,clae_cla_last_iro_contact_date,ssd_cla_episodes.clae_cla_last_iro_contact_date,8,datetime,,datetime,,,,
mosaic,/workspaces/ssd-data-model/deployment_extracts/mosaic/live/ssd_deployment_individual_files/populate_ssd_data_warehouse.sql,,ssd_cla_episodes,clae_cla_episode_ceased_date,ssd_cla_episodes.clae_cla_episode_ceased_date,9,datetime,,datetime,,,,
mosaic,/workspaces/ssd-data-model/deployment_extracts/mosaic/live/ssd_deployment_individual_files/populate_ssd_data_warehouse.sql,,ssd_cla_episodes,clae_cla_placement_id,ssd_cla_episodes.clae_cla_placement_id,10,varchar,48,varchar(48),48,,,
mosaic,/workspaces/ssd-data-model/deployment_extracts/mosaic/live/ssd_deployment_individual_files/populate_ssd_data_warehouse.sql,,ssd_cla_episodes,clae_entered_care_date,ssd_cla_episodes.clae_entered_care_date,11,datetime,,datetime,,,,
mosaic,/workspaces/ssd-data-model/deployment_extracts/mosaic/live/ssd_deployment_individual_files/populate_ssd_data_warehouse.sql,,ssd_cla_episodes,clae_cla_episode_ceased_reason,ssd_cla_episodes.clae_cla_episode_ceased_reason,12,varchar,255,varchar(255),255,,,
mosaic,/workspaces/ssd-data-model/deployment_extracts/mosaic/live/ssd_deployment_individual_files/populate_ssd_data_warehouse.sql,,ssd_cla_health,clah_health_check_id,ssd_cla_health.clah_health_check_id,1,varchar,48,varchar(48),48,,,
mosaic,/workspaces/ssd-data-model/deployment_extracts/mosaic/live/ssd_deployment_individual_files/populate_ssd_data_warehouse.sql,,ssd_cla_health,clah_person_id,ssd_cla_health.clah_person_id,2,varchar,48,varchar(48),48,,,
mosaic,/workspaces/ssd-data-model/deployment_extracts/mosaic/live/ssd_deployment_individual_files/populate_ssd_data_warehouse.sql,,ssd_cla_health,clah_health_check_type,ssd_cla_health.clah_health_check_type,3,varchar,500,varchar(500),500,,,
mosaic,/workspaces/ssd-data-model/deployment_extracts/mosaic/live/ssd_deployment_individual_files/populate_ssd_data_warehouse.sql,,ssd_cla_health,clah_health_check_date,ssd_cla_health.clah_health_check_date,4,datetime,,datetime,,,,
mosaic,/workspaces/ssd-data-model/deployment_extracts/mosaic/live/ssd_deployment_individual_files/populate_ssd_data_warehouse.sql,,ssd_cla_health,clah_health_check_status,ssd_cla_health.clah_health_check_status,5,varchar,48,varchar(48),48,,,
mosaic,/workspaces/ssd-data-model/deployment_extracts/mosaic/live/ssd_deployment_individual_files/populate_ssd_data_warehouse.sql,,ssd_cla_immunisations,clai_person_id,ssd_cla_immunisations.clai_person_id,1,varchar,48,varchar(48),48,,,
mosaic,/workspaces/ssd-data-model/deployment_extracts/mosaic/live/ssd_deployment_individual_files/populate_ssd_data_warehouse.sql,,ssd_cla_immunisations,clai_immunisations_status,ssd_cla_immunisations.clai_immunisations_status,2,varchar,1,varchar(1),1,,,
mosaic,/workspaces/ssd-data-model/deployment_extracts/mosaic/live/ssd_deployment_individual_files/populate_ssd_data_warehouse.sql,,ssd_cla_placement,clap_cla_placement_id,ssd_cla_placement.clap_cla_placement_id,1,varchar,48,varchar(48),48,,,
mosaic,/workspaces/ssd-data-model/deployment_extracts/mosaic/live/ssd_deployment_individual_files/populate_ssd_data_warehouse.sql,,ssd_cla_placement,clap_cla_placement_start_date,ssd_cla_placement.clap_cla_placement_start_date,2,datetime,,datetime,,,,
mosaic,/workspaces/ssd-data-model/deployment_extracts/mosaic/live/ssd_deployment_individual_files/populate_ssd_data_warehouse.sql,,ssd_cla_placement,clap_cla_placement_type,ssd_cla_placement.clap_cla_placement_type,3,varchar,100,varchar(100),100,,,
mosaic,/workspaces/ssd-data-model/deployment_extracts/mosaic/live/ssd_deployment_individual_files/populate_ssd_data_warehouse.sql,,ssd_cla_placement,clap_cla_placement_urn,ssd_cla_placement.clap_cla_placement_urn,4,varchar,48,varchar(48),48,,,
mosaic,/workspaces/ssd-data-model/deployment_extracts/mosaic/live/ssd_deployment_individual_files/populate_ssd_data_warehouse.sql,,ssd_cla_placement,clap_cla_placement_distance,ssd_cla_placement.clap_cla_placement_distance,5,decimal,"7,2","decimal(7,2)",,7,2,
mosaic,/workspaces/ssd-data-model/deployment_extracts/mosaic/live/ssd_deployment_individual_files/populate_ssd_data_warehouse.sql,,ssd_cla_placement,clap_cla_id,ssd_cla_placement.clap_cla_id,6,varchar,48,varchar(48),48,,,
mosaic,/workspaces/ssd-data-model/deployment_extracts/mosaic/live/ssd_deployment_individual_files/populate_ssd_data_warehouse.sql,,ssd_cla_placement,clap_cla_placement_provider,ssd_cla_placement.clap_cla_placement_provider,7,varchar,48,varchar(48),48,,,
mosaic,/workspaces/ssd-data-model/deployment_extracts/mosaic/live/ssd_deployment_individual_files/populate_ssd_data_warehouse.sql,,ssd_cla_placement,clap_cla_placement_postcode,ssd_cla_placement.clap_cla_placement_postcode,8,varchar,8,varchar(8),8,,,
mosaic,/workspaces/ssd-data-model/deployment_extracts/mosaic/live/ssd_deployment_individual_files/populate_ssd_data_warehouse.sql,,ssd_cla_placement,clap_cla_placement_end_date,ssd_cla_placement.clap_cla_placement_end_date,9,datetime,,datetime,,,,
mosaic,/workspaces/ssd-data-model/deployment_extracts/mosaic/live/ssd_deployment_individual_files/populate_ssd_data_warehouse.sql,,ssd_cla_placement,clap_cla_placement_change_reason,ssd_cla_placement.clap_cla_placement_change_reason,10,varchar,100,varchar(100),100,,,
mosaic,/workspaces/ssd-data-model/deployment_extracts/mosaic/live/ssd_deployment_individual_files/populate_ssd_data_warehouse.sql,,ssd_cla_previous_permanence,lapp_table_id,ssd_cla_previous_permanence.lapp_table_id,1,varchar,48,varchar(48),48,,,
mosaic,/workspaces/ssd-data-model/deployment_extracts/mosaic/live/ssd_deployment_individual_files/populate_ssd_data_warehouse.sql,,ssd_cla_previous_permanence,lapp_person_id,ssd_cla_previous_permanence.lapp_person_id,2,varchar,48,varchar(48),48,,,
mosaic,/workspaces/ssd-data-model/deployment_extracts/mosaic/live/ssd_deployment_individual_files/populate_ssd_data_warehouse.sql,,ssd_cla_previous_permanence,lapp_previous_permanence_order_date,ssd_cla_previous_permanence.lapp_previous_permanence_order_date,3,varchar,10,varchar(10),10,,,
mosaic,/workspaces/ssd-data-model/deployment_extracts/mosaic/live/ssd_deployment_individual_files/populate_ssd_data_warehouse.sql,,ssd_cla_previous_permanence,lapp_previous_permanence_option,ssd_cla_previous_permanence.lapp_previous_permanence_option,4,varchar,100,varchar(100),100,,,
mosaic,/workspaces/ssd-data-model/deployment_extracts/mosaic/live/ssd_deployment_individual_files/populate_ssd_data_warehouse.sql,,ssd_cla_previous_permanence,lapp_previous_permanence_la,ssd_cla_previous_permanence.lapp_previous_permanence_la,5,varchar,100,varchar(100),100,,,
mosaic,/workspaces/ssd-data-model/deployment_extracts/mosaic/live/ssd_deployment_individual_files/populate_ssd_data_warehouse.sql,,ssd_cla_reviews,clar_cla_review_id,ssd_cla_reviews.clar_cla_review_id,1,varchar,48,varchar(48),48,,,
mosaic,/workspaces/ssd-data-model/deployment_extracts/mosaic/live/ssd_deployment_individual_files/populate_ssd_data_warehouse.sql,,ssd_cla_reviews,clar_cla_review_due_date,ssd_cla_reviews.clar_cla_review_due_date,2,datetime,,datetime,,,,
mosaic,/workspaces/ssd-data-model/deployment_extracts/mosaic/live/ssd_deployment_individual_files/populate_ssd_data_warehouse.sql,,ssd_cla_reviews,clar_cla_review_date,ssd_cla_reviews.clar_cla_review_date,3,datetime,,datetime,,,,
mosaic,/workspaces/ssd-data-model/deployment_extracts/mosaic/live/ssd_deployment_individual_files/populate_ssd_data_warehouse.sql,,ssd_cla_reviews,clar_cla_review_participation,ssd_cla_reviews.clar_cla_review_participation,4,varchar,100,varchar(100),100,,,
mosaic,/workspaces/ssd-data-model/deployment_extracts/mosaic/live/ssd_deployment_individual_files/populate_ssd_data_warehouse.sql,,ssd_cla_reviews,clar_cla_id,ssd_cla_reviews.clar_cla_id,5,varchar,48,varchar(48),48,,,
mosaic,/workspaces/ssd-data-model/deployment_extracts/mosaic/live/ssd_deployment_individual_files/populate_ssd_data_warehouse.sql,,ssd_cla_reviews,clar_cla_review_cancelled,ssd_cla_reviews.clar_cla_review_cancelled,6,varchar,1,varchar(1),1,,,
mosaic,/workspaces/ssd-data-model/deployment_extracts/mosaic/live/ssd_deployment_individual_files/populate_ssd_data_warehouse.sql,,ssd_cla_reviews,clar_cla_person_id,ssd_cla_reviews.clar_cla_person_id,7,varchar,48,varchar(48),48,,,
mosaic,/workspaces/ssd-data-model/deployment_extracts/mosaic/live/ssd_deployment_individual_files/populate_ssd_data_warehouse.sql,,ssd_cla_substance_misuse,clas_substance_misuse_id,ssd_cla_substance_misuse.clas_substance_misuse_id,1,varchar,48,varchar(48),48,,,
mosaic,/workspaces/ssd-data-model/deployment_extracts/mosaic/live/ssd_deployment_individual_files/populate_ssd_data_warehouse.sql,,ssd_cla_substance_misuse,clas_person_id,ssd_cla_substance_misuse.clas_person_id,2,varchar,48,varchar(48),48,,,
mosaic,/workspaces/ssd-data-model/deployment_extracts/mosaic/live/ssd_deployment_individual_files/populate_ssd_data_warehouse.sql,,ssd_cla_substance_misuse,clas_substance_misuse_date,ssd_cla_substance_misuse.clas_substance_misuse_date,3,datetime,,datetime,,,,
mosaic,/workspaces/ssd-data-model/deployment_extracts/mosaic/live/ssd_deployment_individual_files/populate_ssd_data_warehouse.sql,,ssd_cla_substance_misuse,clas_substance_misused,ssd_cla_substance_misuse.clas_substance_misused,4,varchar,100,varchar(100),100,,,
mosaic,/workspaces/ssd-data-model/deployment_extracts/mosaic/live/ssd_deployment_individual_files/populate_ssd_data_warehouse.sql,,ssd_cla_substance_misuse,clas_intervention_received,ssd_cla_substance_misuse.clas_intervention_received,5,varchar,1,varchar(1),1,,,
mosaic,/workspaces/ssd-data-model/deployment_extracts/mosaic/live/ssd_deployment_individual_files/populate_ssd_data_warehouse.sql,,ssd_cla_visits,clav_cla_id,ssd_cla_visits.clav_cla_id,1,varchar,48,varchar(48),48,,,
mosaic,/workspaces/ssd-data-model/deployment_extracts/mosaic/live/ssd_deployment_individual_files/populate_ssd_data_warehouse.sql,,ssd_cla_visits,clav_cla_visit_id,ssd_cla_visits.clav_cla_visit_id,2,varchar,48,varchar(48),48,,,
mosaic,/workspaces/ssd-data-model/deployment_extracts/mosaic/live/ssd_deployment_individual_files/populate_ssd_data_warehouse.sql,,ssd_cla_visits,clav_cla_visit_date,ssd_cla_visits.clav_cla_visit_date,3,datetime,,datetime,,,,
mosaic,/workspaces/ssd-data-model/deployment_extracts/mosaic/live/ssd_deployment_individual_files/populate_ssd_data_warehouse.sql,,ssd_cla_visits,clav_cla_visit_seen,ssd_cla_visits.clav_cla_visit_seen,4,varchar,1,varchar(1),1,,,
mosaic,/workspaces/ssd-data-model/deployment_extracts/mosaic/live/ssd_deployment_individual_files/populate_ssd_data_warehouse.sql,,ssd_cla_visits,clav_cla_visit_seen_alone,ssd_cla_visits.clav_cla_visit_seen_alone,5,varchar,1,varchar(1),1,,,
mosaic,/workspaces/ssd-data-model/deployment_extracts/mosaic/live/ssd_deployment_individual_files/populate_ssd_data_warehouse.sql,,ssd_cla_visits,clav_person_id,ssd_cla_visits.clav_person_id,6,varchar,48,varchar(48),48,,,
mosaic,/workspaces/ssd-data-model/deployment_extracts/mosaic/live/ssd_deployment_individual_files/populate_ssd_data_warehouse.sql,,ssd_contacts,cont_contact_id,ssd_contacts.cont_contact_id,1,varchar,48,varchar(48),48,,,
mosaic,/workspaces/ssd-data-model/deployment_extracts/mosaic/live/ssd_deployment_individual_files/populate_ssd_data_warehouse.sql,,ssd_contacts,cont_person_id,ssd_contacts.cont_person_id,2,varchar,48,varchar(48),48,,,
mosaic,/workspaces/ssd-data-model/deployment_extracts/mosaic/live/ssd_deployment_individual_files/populate_ssd_data_warehouse.sql,,ssd_contacts,cont_contact_date,ssd_contacts.cont_contact_date,3,datetime,,datetime,,,,
mosaic,/workspaces/ssd-data-model/deployment_extracts/mosaic/live/ssd_deployment_individual_files/populate_ssd_data_warehouse.sql,,ssd_contacts,cont_contact_source_desc,ssd_contacts.cont_contact_source_desc,4,varchar,255,varchar(255),255,,,
mosaic,/workspaces/ssd-data-model/deployment_extracts/mosaic/live/ssd_deployment_individual_files/populate_ssd_data_warehouse.sql,,ssd_contacts,cont_contact_outcome_json,ssd_contacts.cont_contact_outcome_json,5,varchar,500,varchar(500),500,,,
mosaic,/workspaces/ssd-data-model/deployment_extracts/mosaic/live/ssd_deployment_individual_files/populate_ssd_data_warehouse.sql,,ssd_cp_plans,cppl_cp_plan_id,ssd_cp_plans.cppl_cp_plan_id,1,varchar,48,varchar(48),48,,,
mosaic,/workspaces/ssd-data-model/deployment_extracts/mosaic/live/ssd_deployment_individual_files/populate_ssd_data_warehouse.sql,,ssd_cp_plans,cppl_referral_id,ssd_cp_plans.cppl_referral_id,2,varchar,48,varchar(48),48,,,
mosaic,/workspaces/ssd-data-model/deployment_extracts/mosaic/live/ssd_deployment_individual_files/populate_ssd_data_warehouse.sql,,ssd_cp_plans,cppl_icpc_id,ssd_cp_plans.cppl_icpc_id,3,varchar,48,varchar(48),48,,,
mosaic,/workspaces/ssd-data-model/deployment_extracts/mosaic/live/ssd_deployment_individual_files/populate_ssd_data_warehouse.sql,,ssd_cp_plans,cppl_person_id,ssd_cp_plans.cppl_person_id,4,varchar,48,varchar(48),48,,,
mosaic,/workspaces/ssd-data-model/deployment_extracts/mosaic/live/ssd_deployment_individual_files/populate_ssd_data_warehouse.sql,,ssd_cp_plans,cppl_cp_plan_start_date,ssd_cp_plans.cppl_cp_plan_start_date,5,datetime,,datetime,,,,
mosaic,/workspaces/ssd-data-model/deployment_extracts/mosaic/live/ssd_deployment_individual_files/populate_ssd_data_warehouse.sql,,ssd_cp_plans,cppl_cp_plan_end_date,ssd_cp_plans.cppl_cp_plan_end_date,6,datetime,,datetime,,,,
mosaic,/workspaces/ssd-data-model/deployment_extracts/mosaic/live/ssd_deployment_individual_files/populate_ssd_data_warehouse.sql,,ssd_cp_plans,cppl_cp_plan_initial_category,ssd_cp_plans.cppl_cp_plan_initial_category,7,varchar,100,varchar(100),100,,,
mosaic,/workspaces/ssd-data-model/deployment_extracts/mosaic/live/ssd_deployment_individual_files/populate_ssd_data_warehouse.sql,,ssd_cp_plans,cppl_cp_plan_latest_category,ssd_cp_plans.cppl_cp_plan_latest_category,8,varchar,100,varchar(100),100,,,
mosaic,/workspaces/ssd-data-model/deployment_extracts/mosaic/live/ssd_deployment_individual_files/populate_ssd_data_warehouse.sql,,ssd_cp_reviews,cppr_cp_review_id,ssd_cp_reviews.cppr_cp_review_id,1,numeric,9,numeric(9),,9,,
mosaic,/workspaces/ssd-data-model/deployment_extracts/mosaic/live/ssd_deployment_individual_files/ssd_cp_reviews_tag_dw.sql,,ssd_cp_reviews,workflow_step_id,ssd_cp_reviews.workflow_step_id,1,numeric,9,numeric(9),,9,,
mosaic,/workspaces/ssd-data-model/deployment_extracts/mosaic/live/ssd_deployment_individual_files/populate_ssd_data_warehouse.sql,,ssd_cp_reviews,cppr_cp_plan_id,ssd_cp_reviews.cppr_cp_plan_id,2,numeric,9,numeric(9),,9,,
mosaic,/workspaces/ssd-data-model/deployment_extracts/mosaic/live/ssd_deployment_individual_files/ssd_cp_reviews_tag_dw.sql,,ssd_cp_reviews,person_id,ssd_cp_reviews.person_id,2,numeric,9,numeric(9),,9,,
mosaic,/workspaces/ssd-data-model/deployment_extracts/mosaic/live/ssd_deployment_individual_files/populate_ssd_data_warehouse.sql,,ssd_cp_reviews,cppr_cp_review_due,ssd_cp_reviews.cppr_cp_review_due,3,datetime,,datetime,,,,
mosaic,/workspaces/ssd-data-model/deployment_extracts/mosaic/live/ssd_deployment_individual_files/ssd_cp_reviews_tag_dw.sql,,ssd_cp_reviews,registration_id,ssd_cp_reviews.registration_id,3,numeric,9,numeric(9),,9,,
mosaic,/workspaces/ssd-data-model/deployment_extracts/mosaic/live/ssd_deployment_individual_files/populate_ssd_data_warehouse.sql,,ssd_cp_reviews,cppr_cp_review_date,ssd_cp_reviews.cppr_cp_review_date,4,datetime,,datetime,,,,
mosaic,/workspaces/ssd-data-model/deployment_extracts/mosaic/live/ssd_deployment_individual_files/ssd_cp_reviews_tag_dw.sql,,ssd_cp_reviews,due_date,ssd_cp_reviews.due_date,4,datetime,,datetime,,,,
mosaic,/workspaces/ssd-data-model/deployment_extracts/mosaic/live/ssd_deployment_individual_files/ssd_cp_reviews_tag_dw.sql,,ssd_cp_reviews,actual_date,ssd_cp_reviews.actual_date,5,datetime,,datetime,,,,
mosaic,/workspaces/ssd-data-model/deployment_extracts/mosaic/live/ssd_deployment_individual_files/populate_ssd_data_warehouse.sql,,ssd_cp_reviews,cppr_cp_review_outcome_continue_cp,ssd_cp_reviews.cppr_cp_review_outcome_continue_cp,5,varchar,1000,varchar(1000),1000,,,
mosaic,/workspaces/ssd-data-model/deployment_extracts/mosaic/live/ssd_deployment_individual_files/populate_ssd_data_warehouse.sql,,ssd_cp_reviews,cppr_cp_review_quorate,ssd_cp_reviews.cppr_cp_review_quorate,6,varchar,64,varchar(64),64,,,
mosaic,/workspaces/ssd-data-model/deployment_extracts/mosaic/live/ssd_deployment_individual_files/ssd_cp_reviews_tag_dw.sql,,ssd_cp_reviews,review_outcome,ssd_cp_reviews.review_outcome,6,varchar,1000,varchar(1000),1000,,,
mosaic,/workspaces/ssd-data-model/deployment_extracts/mosaic/live/ssd_deployment_individual_files/populate_ssd_data_warehouse.sql,,ssd_cp_reviews,cppr_cp_review_participation,ssd_cp_reviews.cppr_cp_review_participation,7,varchar,16,varchar(16),16,,,
mosaic,/workspaces/ssd-data-model/deployment_extracts/mosaic/live/ssd_deployment_individual_files/ssd_cp_reviews_tag_dw.sql,,ssd_cp_reviews,quorate,ssd_cp_reviews.quorate,7,varchar,64,varchar(64),64,,,
mosaic,/workspaces/ssd-data-model/deployment_extracts/mosaic/live/ssd_deployment_individual_files/ssd_cp_reviews_tag_dw.sql,,ssd_cp_reviews,review_participation,ssd_cp_reviews.review_participation,8,varchar,16,varchar(16),16,,,
mosaic,/workspaces/ssd-data-model/deployment_extracts/mosaic/live/ssd_deployment_individual_files/ssd_cp_reviews_tag_dw.sql,,ssd_cp_reviews,previous_conference_workflow_step_id,ssd_cp_reviews.previous_conference_workflow_step_id,9,numeric,9,numeric(9),,9,,
mosaic,/workspaces/ssd-data-model/deployment_extracts/mosaic/live/ssd_deployment_individual_files/ssd_cp_reviews_tag_dw.sql,,ssd_cp_reviews,previous_conference_date,ssd_cp_reviews.previous_conference_date,10,datetime,,datetime,,,,
mosaic,/workspaces/ssd-data-model/deployment_extracts/mosaic/live/ssd_deployment_individual_files/ssd_cp_reviews_tag_dw.sql,,ssd_cp_reviews,previous_conference_type,ssd_cp_reviews.previous_conference_type,11,varchar,64,varchar(64),64,,,
mosaic,/workspaces/ssd-data-model/deployment_extracts/mosaic/live/ssd_deployment_individual_files/populate_ssd_data_warehouse.sql,,ssd_cp_visits,cppv_cp_visit_id,ssd_cp_visits.cppv_cp_visit_id,1,varchar,48,varchar(48),48,,,
mosaic,/workspaces/ssd-data-model/deployment_extracts/mosaic/live/ssd_deployment_individual_files/populate_ssd_data_warehouse.sql,,ssd_cp_visits,cppv_cp_plan_id,ssd_cp_visits.cppv_cp_plan_id,2,varchar,48,varchar(48),48,,,
mosaic,/workspaces/ssd-data-model/deployment_extracts/mosaic/live/ssd_deployment_individual_files/populate_ssd_data_warehouse.sql,,ssd_cp_visits,cppv_cp_visit_id,ssd_cp_visits.cppv_cp_visit_id,3,varchar,48,varchar(48),48,,,
mosaic,/workspaces/ssd-data-model/deployment_extracts/mosaic/live/ssd_deployment_individual_files/populate_ssd_data_warehouse.sql,,ssd_cp_visits,cppv_cp_visit_date,ssd_cp_visits.cppv_cp_visit_date,4,datetime,,datetime,,,,
mosaic,/workspaces/ssd-data-model/deployment_extracts/mosaic/live/ssd_deployment_individual_files/populate_ssd_data_warehouse.sql,,ssd_cp_visits,cppv_cp_visit_seen,ssd_cp_visits.cppv_cp_visit_seen,5,varchar,1,varchar(1),1,,,
mosaic,/workspaces/ssd-data-model/deployment_extracts/mosaic/live/ssd_deployment_individual_files/populate_ssd_data_warehouse.sql,,ssd_cp_visits,cppv_cp_visit_seen_alone,ssd_cp_visits.cppv_cp_visit_seen_alone,6,varchar,1,varchar(1),1,,,
mosaic,/workspaces/ssd-data-model/deployment_extracts/mosaic/live/ssd_deployment_individual_files/populate_ssd_data_warehouse.sql,,ssd_cp_visits,cppv_cp_visit_bedroom,ssd_cp_visits.cppv_cp_visit_bedroom,7,varchar,1,varchar(1),1,,,
mosaic,/workspaces/ssd-data-model/deployment_extracts/mosaic/live/ssd_deployment_individual_files/populate_ssd_data_warehouse.sql,,ssd_department,dept_team_id,ssd_department.dept_team_id,1,nvarchar,48,nvarchar(48),48,,,
mosaic,/workspaces/ssd-data-model/deployment_extracts/mosaic/live/ssd_deployment_individual_files/populate_ssd_data_warehouse.sql,,ssd_department,dept_team_name,ssd_department.dept_team_name,2,nvarchar,255,nvarchar(255),255,,,
mosaic,/workspaces/ssd-data-model/deployment_extracts/mosaic/live/ssd_deployment_individual_files/populate_ssd_data_warehouse.sql,,ssd_department,dept_team_parent_id,ssd_department.dept_team_parent_id,3,nvarchar,48,nvarchar(48),48,,,
mosaic,/workspaces/ssd-data-model/deployment_extracts/mosaic/live/ssd_deployment_individual_files/populate_ssd_data_warehouse.sql,,ssd_department,dept_team_parent_name,ssd_department.dept_team_parent_name,4,nvarchar,255,nvarchar(255),255,,,
mosaic,/workspaces/ssd-data-model/deployment_extracts/mosaic/live/ssd_deployment_individual_files/populate_ssd_data_warehouse.sql,,ssd_disability,disa_person_id,ssd_disability.disa_person_id,1,varchar,48,varchar(48),48,,,
mosaic,/workspaces/ssd-data-model/deployment_extracts/mosaic/live/ssd_deployment_individual_files/populate_ssd_data_warehouse.sql,,ssd_disability,disa_table_id,ssd_disability.disa_table_id,2,varchar,48,varchar(48),48,,,
mosaic,/workspaces/ssd-data-model/deployment_extracts/mosaic/live/ssd_deployment_individual_files/populate_ssd_data_warehouse.sql,,ssd_disability,disa_disability_code,ssd_disability.disa_disability_code,3,varchar,48,varchar(48),48,,,
mosaic,/workspaces/ssd-data-model/deployment_extracts/mosaic/live/ssd_deployment_individual_files/populate_ssd_data_warehouse.sql,,ssd_early_help_episodes,earl_episode_id,ssd_early_help_episodes.earl_episode_id,1,varchar,48,varchar(48),48,,,
mosaic,/workspaces/ssd-data-model/deployment_extracts/mosaic/live/ssd_deployment_individual_files/populate_ssd_data_warehouse.sql,,ssd_early_help_episodes,earl_person_id,ssd_early_help_episodes.earl_person_id,2,varchar,48,varchar(48),48,,,
mosaic,/workspaces/ssd-data-model/deployment_extracts/mosaic/live/ssd_deployment_individual_files/populate_ssd_data_warehouse.sql,,ssd_early_help_episodes,earl_episode_start_date,ssd_early_help_episodes.earl_episode_start_date,3,datetime,,datetime,,,,
mosaic,/workspaces/ssd-data-model/deployment_extracts/mosaic/live/ssd_deployment_individual_files/populate_ssd_data_warehouse.sql,,ssd_early_help_episodes,earl_episode_end_date,ssd_early_help_episodes.earl_episode_end_date,4,datetime,,datetime,,,,
mosaic,/workspaces/ssd-data-model/deployment_extracts/mosaic/live/ssd_deployment_individual_files/populate_ssd_data_warehouse.sql,,ssd_early_help_episodes,earl_episode_reason,ssd_early_help_episodes.earl_episode_reason,5,varchar,100,varchar(100),100,,,
mosaic,/workspaces/ssd-data-model/deployment_extracts/mosaic/live/ssd_deployment_individual_files/populate_ssd_data_warehouse.sql,,ssd_early_help_episodes,earl_episode_end_reason,ssd_early_help_episodes.earl_episode_end_reason,6,varchar,100,varchar(100),100,,,
mosaic,/workspaces/ssd-data-model/deployment_extracts/mosaic/live/ssd_deployment_individual_files/populate_ssd_data_warehouse.sql,,ssd_early_help_episodes,earl_episode_organisation,ssd_early_help_episodes.earl_episode_organisation,7,varchar,100,varchar(100),100,,,
mosaic,/workspaces/ssd-data-model/deployment_extracts/mosaic/live/ssd_deployment_individual_files/populate_ssd_data_warehouse.sql,,ssd_early_help_episodes,earl_episode_worker_id,ssd_early_help_episodes.earl_episode_worker_id,8,varchar,48,varchar(48),48,,,
mosaic,/workspaces/ssd-data-model/deployment_extracts/mosaic/live/ssd_deployment_individual_files/populate_ssd_data_warehouse.sql,,ssd_ehcp_active_plans,ehcp_active_ehcp_id,ssd_ehcp_active_plans.ehcp_active_ehcp_id,1,nvarchar,48,nvarchar(48),48,,,
mosaic,/workspaces/ssd-data-model/deployment_extracts/mosaic/live/ssd_deployment_individual_files/populate_ssd_data_warehouse.sql,,ssd_ehcp_active_plans,ehcp_ehcp_request_id,ssd_ehcp_active_plans.ehcp_ehcp_request_id,2,nvarchar,48,nvarchar(48),48,,,
mosaic,/workspaces/ssd-data-model/deployment_extracts/mosaic/live/ssd_deployment_individual_files/populate_ssd_data_warehouse.sql,,ssd_ehcp_active_plans,ehcp_active_ehcp_last_review_date,ssd_ehcp_active_plans.ehcp_active_ehcp_last_review_date,3,datetime,,datetime,,,,
mosaic,/workspaces/ssd-data-model/deployment_extracts/mosaic/live/ssd_deployment_individual_files/populate_ssd_data_warehouse.sql,,ssd_ehcp_assessment,ehca_ehcp_assessment_id,ssd_ehcp_assessment.ehca_ehcp_assessment_id,1,nvarchar,48,nvarchar(48),48,,,
mosaic,/workspaces/ssd-data-model/deployment_extracts/mosaic/live/ssd_deployment_individual_files/populate_ssd_data_warehouse.sql,,ssd_ehcp_assessment,ehca_ehcp_request_id,ssd_ehcp_assessment.ehca_ehcp_request_id,2,nvarchar,48,nvarchar(48),48,,,
mosaic,/workspaces/ssd-data-model/deployment_extracts/mosaic/live/ssd_deployment_individual_files/populate_ssd_data_warehouse.sql,,ssd_ehcp_assessment,ehca_ehcp_assessment_outcome_date,ssd_ehcp_assessment.ehca_ehcp_assessment_outcome_date,3,datetime,,datetime,,,,
mosaic,/workspaces/ssd-data-model/deployment_extracts/mosaic/live/ssd_deployment_individual_files/populate_ssd_data_warehouse.sql,,ssd_ehcp_assessment,ehca_ehcp_assessment_outcome,ssd_ehcp_assessment.ehca_ehcp_assessment_outcome,4,nvarchar,100,nvarchar(100),100,,,
mosaic,/workspaces/ssd-data-model/deployment_extracts/mosaic/live/ssd_deployment_individual_files/populate_ssd_data_warehouse.sql,,ssd_ehcp_assessment,ehca_ehcp_assessment_exceptions,ssd_ehcp_assessment.ehca_ehcp_assessment_exceptions,5,nvarchar,100,nvarchar(100),100,,,
mosaic,/workspaces/ssd-data-model/deployment_extracts/mosaic/live/ssd_deployment_individual_files/populate_ssd_data_warehouse.sql,,ssd_ehcp_named_plan,ehcn_named_plan_id,ssd_ehcp_named_plan.ehcn_named_plan_id,1,nvarchar,48,nvarchar(48),48,,,
mosaic,/workspaces/ssd-data-model/deployment_extracts/mosaic/live/ssd_deployment_individual_files/populate_ssd_data_warehouse.sql,,ssd_ehcp_named_plan,ehcn_ehcp_asmt_id,ssd_ehcp_named_plan.ehcn_ehcp_asmt_id,2,nvarchar,48,nvarchar(48),48,,,
mosaic,/workspaces/ssd-data-model/deployment_extracts/mosaic/live/ssd_deployment_individual_files/populate_ssd_data_warehouse.sql,,ssd_ehcp_named_plan,ehcn_named_plan_start_date,ssd_ehcp_named_plan.ehcn_named_plan_start_date,3,datetime,,datetime,,,,
mosaic,/workspaces/ssd-data-model/deployment_extracts/mosaic/live/ssd_deployment_individual_files/populate_ssd_data_warehouse.sql,,ssd_ehcp_named_plan,ehcn_named_plan_ceased_date,ssd_ehcp_named_plan.ehcn_named_plan_ceased_date,4,datetime,,datetime,,,,
mosaic,/workspaces/ssd-data-model/deployment_extracts/mosaic/live/ssd_deployment_individual_files/populate_ssd_data_warehouse.sql,,ssd_ehcp_named_plan,ehcn_named_plan_ceased_reason,ssd_ehcp_named_plan.ehcn_named_plan_ceased_reason,5,nvarchar,100,nvarchar(100),100,,,
mosaic,/workspaces/ssd-data-model/deployment_extracts/mosaic/live/ssd_deployment_individual_files/populate_ssd_data_warehouse.sql,,ssd_ehcp_requests,ehcr_ehcp_request_id,ssd_ehcp_requests.ehcr_ehcp_request_id,1,nvarchar,48,nvarchar(48),48,,,
mosaic,/workspaces/ssd-data-model/deployment_extracts/mosaic/live/ssd_deployment_individual_files/populate_ssd_data_warehouse.sql,,ssd_ehcp_requests,ehcr_send_table_id,ssd_ehcp_requests.ehcr_send_table_id,2,nvarchar,48,nvarchar(48),48,,,
mosaic,/workspaces/ssd-data-model/deployment_extracts/mosaic/live/ssd_deployment_individual_files/populate_ssd_data_warehouse.sql,,ssd_ehcp_requests,ehcr_ehcp_req_date,ssd_ehcp_requests.ehcr_ehcp_req_date,3,datetime,,datetime,,,,
mosaic,/workspaces/ssd-data-model/deployment_extracts/mosaic/live/ssd_deployment_individual_files/populate_ssd_data_warehouse.sql,,ssd_ehcp_requests,ehcr_ehcp_req_outcome_date,ssd_ehcp_requests.ehcr_ehcp_req_outcome_date,4,datetime,,datetime,,,,
mosaic,/workspaces/ssd-data-model/deployment_extracts/mosaic/live/ssd_deployment_individual_files/populate_ssd_data_warehouse.sql,,ssd_ehcp_requests,ehcr_ehcp_req_outcome,ssd_ehcp_requests.ehcr_ehcp_req_outcome,5,nvarchar,100,nvarchar(100),100,,,
mosaic,/workspaces/ssd-data-model/deployment_extracts/mosaic/live/ssd_deployment_individual_files/populate_ssd_data_warehouse.sql,,ssd_immigration_status,immi_person_id,ssd_immigration_status.immi_person_id,1,varchar,48,varchar(48),48,,,
mosaic,/workspaces/ssd-data-model/deployment_extracts/mosaic/live/ssd_deployment_individual_files/populate_ssd_data_warehouse.sql,,ssd_immigration_status,immi_immigration_status_id,ssd_immigration_status.immi_immigration_status_id,2,varchar,48,varchar(48),48,,,
mosaic,/workspaces/ssd-data-model/deployment_extracts/mosaic/live/ssd_deployment_individual_files/populate_ssd_data_warehouse.sql,,ssd_immigration_status,immi_immigration_status,ssd_immigration_status.immi_immigration_status,3,varchar,48,varchar(48),48,,,
mosaic,/workspaces/ssd-data-model/deployment_extracts/mosaic/live/ssd_deployment_individual_files/populate_ssd_data_warehouse.sql,,ssd_immigration_status,immi_immigration_status_start_date,ssd_immigration_status.immi_immigration_status_start_date,4,datetime,,datetime,,,,
mosaic,/workspaces/ssd-data-model/deployment_extracts/mosaic/live/ssd_deployment_individual_files/populate_ssd_data_warehouse.sql,,ssd_immigration_status,immi_immigration_status_end_date,ssd_immigration_status.immi_immigration_status_end_date,5,datetime,,datetime,,,,
mosaic,/workspaces/ssd-data-model/deployment_extracts/mosaic/live/ssd_deployment_individual_files/populate_ssd_data_warehouse.sql,,ssd_initial_cp_conference,icpc_icpc_id,ssd_initial_cp_conference.icpc_icpc_id,1,varchar,48,varchar(48),48,,,
mosaic,/workspaces/ssd-data-model/deployment_extracts/mosaic/live/ssd_deployment_individual_files/populate_ssd_data_warehouse.sql,,ssd_initial_cp_conference,icpc_icpc_meeting_id,ssd_initial_cp_conference.icpc_icpc_meeting_id,2,varchar,48,varchar(48),48,,,
mosaic,/workspaces/ssd-data-model/deployment_extracts/mosaic/live/ssd_deployment_individual_files/populate_ssd_data_warehouse.sql,,ssd_initial_cp_conference,icpc_s47_enquiry_id,ssd_initial_cp_conference.icpc_s47_enquiry_id,3,varchar,48,varchar(48),48,,,
mosaic,/workspaces/ssd-data-model/deployment_extracts/mosaic/live/ssd_deployment_individual_files/populate_ssd_data_warehouse.sql,,ssd_initial_cp_conference,icpc_person_id,ssd_initial_cp_conference.icpc_person_id,4,varchar,48,varchar(48),48,,,
mosaic,/workspaces/ssd-data-model/deployment_extracts/mosaic/live/ssd_deployment_individual_files/populate_ssd_data_warehouse.sql,,ssd_initial_cp_conference,icpc_cp_plan_id,ssd_initial_cp_conference.icpc_cp_plan_id,5,varchar,48,varchar(48),48,,,
mosaic,/workspaces/ssd-data-model/deployment_extracts/mosaic/live/ssd_deployment_individual_files/populate_ssd_data_warehouse.sql,,ssd_initial_cp_conference,icpc_referral_id,ssd_initial_cp_conference.icpc_referral_id,6,varchar,48,varchar(48),48,,,
mosaic,/workspaces/ssd-data-model/deployment_extracts/mosaic/live/ssd_deployment_individual_files/populate_ssd_data_warehouse.sql,,ssd_initial_cp_conference,icpc_icpc_transfer_in,ssd_initial_cp_conference.icpc_icpc_transfer_in,7,varchar,1,varchar(1),1,,,
mosaic,/workspaces/ssd-data-model/deployment_extracts/mosaic/live/ssd_deployment_individual_files/populate_ssd_data_warehouse.sql,,ssd_initial_cp_conference,icpc_icpc_target_date,ssd_initial_cp_conference.icpc_icpc_target_date,8,datetime,,datetime,,,,
mosaic,/workspaces/ssd-data-model/deployment_extracts/mosaic/live/ssd_deployment_individual_files/populate_ssd_data_warehouse.sql,,ssd_initial_cp_conference,icpc_icpc_date,ssd_initial_cp_conference.icpc_icpc_date,9,datetime,,datetime,,,,
mosaic,/workspaces/ssd-data-model/deployment_extracts/mosaic/live/ssd_deployment_individual_files/populate_ssd_data_warehouse.sql,,ssd_initial_cp_conference,icpc_icpc_outcome_cp_flag,ssd_initial_cp_conference.icpc_icpc_outcome_cp_flag,10,varchar,1,varchar(1),1,,,
mosaic,/workspaces/ssd-data-model/deployment_extracts/mosaic/live/ssd_deployment_individual_files/populate_ssd_data_warehouse.sql,,ssd_initial_cp_conference,icpc_icpc_outcome_json,ssd_initial_cp_conference.icpc_icpc_outcome_json,11,varchar,500,varchar(500),500,,,
mosaic,/workspaces/ssd-data-model/deployment_extracts/mosaic/live/ssd_deployment_individual_files/populate_ssd_data_warehouse.sql,,ssd_initial_cp_conference,icpc_icpc_team,ssd_initial_cp_conference.icpc_icpc_team,12,varchar,48,varchar(48),48,,,
mosaic,/workspaces/ssd-data-model/deployment_extracts/mosaic/live/ssd_deployment_individual_files/populate_ssd_data_warehouse.sql,,ssd_initial_cp_conference,icpc_icpc_worker_id,ssd_initial_cp_conference.icpc_icpc_worker_id,13,varchar,48,varchar(48),48,,,
mosaic,/workspaces/ssd-data-model/deployment_extracts/mosaic/live/ssd_deployment_individual_files/populate_ssd_data_warehouse.sql,,ssd_involvements,invo_involvements_id,ssd_involvements.invo_involvements_id,1,varchar,48,varchar(48),48,,,
mosaic,/workspaces/ssd-data-model/deployment_extracts/mosaic/live/ssd_deployment_individual_files/populate_ssd_data_warehouse.sql,,ssd_involvements,invo_professional_id,ssd_involvements.invo_professional_id,2,varchar,48,varchar(48),48,,,
mosaic,/workspaces/ssd-data-model/deployment_extracts/mosaic/live/ssd_deployment_individual_files/populate_ssd_data_warehouse.sql,,ssd_involvements,invo_professional_role_id,ssd_involvements.invo_professional_role_id,3,varchar,48,varchar(48),48,,,
mosaic,/workspaces/ssd-data-model/deployment_extracts/mosaic/live/ssd_deployment_individual_files/populate_ssd_data_warehouse.sql,,ssd_involvements,invo_professional_team,ssd_involvements.invo_professional_team,4,varchar,255,varchar(255),255,,,
mosaic,/workspaces/ssd-data-model/deployment_extracts/mosaic/live/ssd_deployment_individual_files/populate_ssd_data_warehouse.sql,,ssd_involvements,invo_referral_id,ssd_involvements.invo_referral_id,5,varchar,48,varchar(48),48,,,
mosaic,/workspaces/ssd-data-model/deployment_extracts/mosaic/live/ssd_deployment_individual_files/populate_ssd_data_warehouse.sql,,ssd_involvements,invo_involvement_start_date,ssd_involvements.invo_involvement_start_date,6,datetime,,datetime,,,,
mosaic,/workspaces/ssd-data-model/deployment_extracts/mosaic/live/ssd_deployment_individual_files/populate_ssd_data_warehouse.sql,,ssd_involvements,invo_involvement_end_date,ssd_involvements.invo_involvement_end_date,7,datetime,,datetime,,,,
mosaic,/workspaces/ssd-data-model/deployment_extracts/mosaic/live/ssd_deployment_individual_files/populate_ssd_data_warehouse.sql,,ssd_involvements,invo_worker_change_reason,ssd_involvements.invo_worker_change_reason,8,varchar,200,varchar(200),200,,,
mosaic,/workspaces/ssd-data-model/deployment_extracts/mosaic/live/ssd_deployment_individual_files/populate_ssd_data_warehouse.sql,,ssd_legal_status,lega_legal_status_id,ssd_legal_status.lega_legal_status_id,1,varchar,48,varchar(48),48,,,
mosaic,/workspaces/ssd-data-model/deployment_extracts/mosaic/live/ssd_deployment_individual_files/populate_ssd_data_warehouse.sql,,ssd_legal_status,lega_person_id,ssd_legal_status.lega_person_id,2,varchar,48,varchar(48),48,,,
mosaic,/workspaces/ssd-data-model/deployment_extracts/mosaic/live/ssd_deployment_individual_files/populate_ssd_data_warehouse.sql,,ssd_legal_status,lega_legal_status,ssd_legal_status.lega_legal_status,3,varchar,100,varchar(100),100,,,
mosaic,/workspaces/ssd-data-model/deployment_extracts/mosaic/live/ssd_deployment_individual_files/populate_ssd_data_warehouse.sql,,ssd_legal_status,lega_legal_status_start_date,ssd_legal_status.lega_legal_status_start_date,4,datetime,,datetime,,,,
mosaic,/workspaces/ssd-data-model/deployment_extracts/mosaic/live/ssd_deployment_individual_files/populate_ssd_data_warehouse.sql,,ssd_legal_status,lega_legal_status_end_date,ssd_legal_status.lega_legal_status_end_date,5,datetime,,datetime,,,,
mosaic,/workspaces/ssd-data-model/deployment_extracts/mosaic/live/ssd_deployment_individual_files/populate_ssd_data_warehouse.sql,,ssd_linked_identifiers,link_table_id,ssd_linked_identifiers.link_table_id,1,varchar,48,varchar(48),48,,,
mosaic,/workspaces/ssd-data-model/deployment_extracts/mosaic/live/ssd_deployment_individual_files/populate_ssd_data_warehouse.sql,,ssd_linked_identifiers,link_person_id,ssd_linked_identifiers.link_person_id,2,varchar,48,varchar(48),48,,,
mosaic,/workspaces/ssd-data-model/deployment_extracts/mosaic/live/ssd_deployment_individual_files/populate_ssd_data_warehouse.sql,,ssd_linked_identifiers,link_identifier_type,ssd_linked_identifiers.link_identifier_type,3,varchar,20,varchar(20),20,,,
mosaic,/workspaces/ssd-data-model/deployment_extracts/mosaic/live/ssd_deployment_individual_files/populate_ssd_data_warehouse.sql,,ssd_linked_identifiers,link_identifier_value,ssd_linked_identifiers.link_identifier_value,4,varchar,20,varchar(20),20,,,
mosaic,/workspaces/ssd-data-model/deployment_extracts/mosaic/live/ssd_deployment_individual_files/populate_ssd_data_warehouse.sql,,ssd_linked_identifiers,link_valid_from_date,ssd_linked_identifiers.link_valid_from_date,5,datetime,,datetime,,,,
mosaic,/workspaces/ssd-data-model/deployment_extracts/mosaic/live/ssd_deployment_individual_files/populate_ssd_data_warehouse.sql,,ssd_linked_identifiers,link_valid_to_date,ssd_linked_identifiers.link_valid_to_date,6,datetime,,datetime,,,,
mosaic,/workspaces/ssd-data-model/deployment_extracts/mosaic/live/ssd_deployment_individual_files/populate_ssd_data_warehouse.sql,,ssd_missing,miss_table_id,ssd_missing.miss_table_id,1,varchar,48,varchar(48),48,,,
mosaic,/workspaces/ssd-data-model/deployment_extracts/mosaic/live/ssd_deployment_individual_files/populate_ssd_data_warehouse.sql,,ssd_missing,miss_person_id,ssd_missing.miss_person_id,2,varchar,48,varchar(48),48,,,
mosaic,/workspaces/ssd-data-model/deployment_extracts/mosaic/live/ssd_deployment_individual_files/populate_ssd_data_warehouse.sql,,ssd_missing,miss_missing_episode_start_date,ssd_missing.miss_missing_episode_start_date,3,datetime,,datetime,,,,
mosaic,/workspaces/ssd-data-model/deployment_extracts/mosaic/live/ssd_deployment_individual_files/populate_ssd_data_warehouse.sql,,ssd_missing,miss_missing_episode_type,ssd_missing.miss_missing_episode_type,4,varchar,100,varchar(100),100,,,
mosaic,/workspaces/ssd-data-model/deployment_extracts/mosaic/live/ssd_deployment_individual_files/populate_ssd_data_warehouse.sql,,ssd_missing,miss_missing_episode_end_date,ssd_missing.miss_missing_episode_end_date,5,datetime,,datetime,,,,
mosaic,/workspaces/ssd-data-model/deployment_extracts/mosaic/live/ssd_deployment_individual_files/populate_ssd_data_warehouse.sql,,ssd_missing,miss_missing_rhi_offered,ssd_missing.miss_missing_rhi_offered,6,varchar,1,varchar(1),1,,,
mosaic,/workspaces/ssd-data-model/deployment_extracts/mosaic/live/ssd_deployment_individual_files/populate_ssd_data_warehouse.sql,,ssd_missing,miss_missing_rhi_accepted,ssd_missing.miss_missing_rhi_accepted,7,varchar,1,varchar(1),1,,,
mosaic,/workspaces/ssd-data-model/deployment_extracts/mosaic/live/ssd_deployment_individual_files/populate_ssd_data_warehouse.sql,,ssd_mother,moth_table_id,ssd_mother.moth_table_id,1,varchar,48,varchar(48),48,,,
mosaic,/workspaces/ssd-data-model/deployment_extracts/mosaic/live/ssd_deployment_individual_files/populate_ssd_data_warehouse.sql,,ssd_mother,moth_person_id,ssd_mother.moth_person_id,2,varchar,48,varchar(48),48,,,
mosaic,/workspaces/ssd-data-model/deployment_extracts/mosaic/live/ssd_deployment_individual_files/populate_ssd_data_warehouse.sql,,ssd_mother,moth_childs_person_id,ssd_mother.moth_childs_person_id,3,varchar,48,varchar(48),48,,,
mosaic,/workspaces/ssd-data-model/deployment_extracts/mosaic/live/ssd_deployment_individual_files/populate_ssd_data_warehouse.sql,,ssd_mother,moth_childs_dob,ssd_mother.moth_childs_dob,4,datetime,,datetime,,,,
mosaic,/workspaces/ssd-data-model/deployment_extracts/mosaic/live/ssd_deployment_individual_files/populate_ssd_data_warehouse.sql,,ssd_permanence,perm_table_id,ssd_permanence.perm_table_id,1,varchar,48,varchar(48),48,,,
mosaic,/workspaces/ssd-data-model/deployment_extracts/mosaic/live/ssd_deployment_individual_files/populate_ssd_data_warehouse.sql,,ssd_permanence,perm_person_id,ssd_permanence.perm_person_id,2,varchar,48,varchar(48),48,,,
mosaic,/workspaces/ssd-data-model/deployment_extracts/mosaic/live/ssd_deployment_individual_files/populate_ssd_data_warehouse.sql,,ssd_permanence,perm_adm_decision_date,ssd_permanence.perm_adm_decision_date,3,datetime,,datetime,,,,
mosaic,/workspaces/ssd-data-model/deployment_extracts/mosaic/live/ssd_deployment_individual_files/populate_ssd_data_warehouse.sql,,ssd_permanence,perm_ffa_cp_decision_date,ssd_permanence.perm_ffa_cp_decision_date,4,datetime,,datetime,,,,
mosaic,/workspaces/ssd-data-model/deployment_extracts/mosaic/live/ssd_deployment_individual_files/populate_ssd_data_warehouse.sql,,ssd_permanence,perm_placement_order_date,ssd_permanence.perm_placement_order_date,5,datetime,,datetime,,,,
mosaic,/workspaces/ssd-data-model/deployment_extracts/mosaic/live/ssd_deployment_individual_files/populate_ssd_data_warehouse.sql,,ssd_permanence,perm_placed_for_adoption_date,ssd_permanence.perm_placed_for_adoption_date,6,datetime,,datetime,,,,
mosaic,/workspaces/ssd-data-model/deployment_extracts/mosaic/live/ssd_deployment_individual_files/populate_ssd_data_warehouse.sql,,ssd_permanence,perm_matched_date,ssd_permanence.perm_matched_date,7,datetime,,datetime,,,,
mosaic,/workspaces/ssd-data-model/deployment_extracts/mosaic/live/ssd_deployment_individual_files/populate_ssd_data_warehouse.sql,,ssd_permanence,perm_placed_ffa_cp_date,ssd_permanence.perm_placed_ffa_cp_date,8,datetime,,datetime,,,,
mosaic,/workspaces/ssd-data-model/deployment_extracts/mosaic/live/ssd_deployment_individual_files/populate_ssd_data_warehouse.sql,,ssd_permanence,perm_decision_reversed_date,ssd_permanence.perm_decision_reversed_date,9,datetime,,datetime,,,,
mosaic,/workspaces/ssd-data-model/deployment_extracts/mosaic/live/ssd_deployment_individual_files/populate_ssd_data_warehouse.sql,,ssd_permanence,perm_placed_foster_carer_date,ssd_permanence.perm_placed_foster_carer_date,10,datetime,,datetime,,,,
mosaic,/workspaces/ssd-data-model/deployment_extracts/mosaic/live/ssd_deployment_individual_files/populate_ssd_data_warehouse.sql,,ssd_permanence,perm_part_of_sibling_group,ssd_permanence.perm_part_of_sibling_group,11,varchar,1,varchar(1),1,,,
mosaic,/workspaces/ssd-data-model/deployment_extracts/mosaic/live/ssd_deployment_individual_files/populate_ssd_data_warehouse.sql,,ssd_permanence,perm_siblings_placed_together,ssd_permanence.perm_siblings_placed_together,12,int,,int,,,,
mosaic,/workspaces/ssd-data-model/deployment_extracts/mosaic/live/ssd_deployment_individual_files/populate_ssd_data_warehouse.sql,,ssd_permanence,perm_siblings_placed_apart,ssd_permanence.perm_siblings_placed_apart,13,int,,int,,,,
mosaic,/workspaces/ssd-data-model/deployment_extracts/mosaic/live/ssd_deployment_individual_files/populate_ssd_data_warehouse.sql,,ssd_permanence,perm_placement_provider_urn,ssd_permanence.perm_placement_provider_urn,14,varchar,48,varchar(48),48,,,
mosaic,/workspaces/ssd-data-model/deployment_extracts/mosaic/live/ssd_deployment_individual_files/populate_ssd_data_warehouse.sql,,ssd_permanence,perm_decision_reversed_reason,ssd_permanence.perm_decision_reversed_reason,15,varchar,100,varchar(100),100,,,
mosaic,/workspaces/ssd-data-model/deployment_extracts/mosaic/live/ssd_deployment_individual_files/populate_ssd_data_warehouse.sql,,ssd_permanence,perm_permanence_order_date,ssd_permanence.perm_permanence_order_date,16,datetime,,datetime,,,,
mosaic,/workspaces/ssd-data-model/deployment_extracts/mosaic/live/ssd_deployment_individual_files/populate_ssd_data_warehouse.sql,,ssd_permanence,perm_permanence_order_type,ssd_permanence.perm_permanence_order_type,17,varchar,100,varchar(100),100,,,
mosaic,/workspaces/ssd-data-model/deployment_extracts/mosaic/live/ssd_deployment_individual_files/populate_ssd_data_warehouse.sql,,ssd_permanence,perm_adopted_by_carer_flag,ssd_permanence.perm_adopted_by_carer_flag,18,varchar,1,varchar(1),1,,,
mosaic,/workspaces/ssd-data-model/deployment_extracts/mosaic/live/ssd_deployment_individual_files/populate_ssd_data_warehouse.sql,,ssd_permanence,perm_cla_id,ssd_permanence.perm_cla_id,19,varchar,48,varchar(48),48,,,
mosaic,/workspaces/ssd-data-model/deployment_extracts/mosaic/live/ssd_deployment_individual_files/populate_ssd_data_warehouse.sql,,ssd_permanence,perm_adoption_worker_id,ssd_permanence.perm_adoption_worker_id,20,varchar,48,varchar(48),48,,,
mosaic,/workspaces/ssd-data-model/deployment_extracts/mosaic/live/ssd_deployment_individual_files/populate_ssd_data_warehouse.sql,,ssd_permanence,perm_adopter_sex,ssd_permanence.perm_adopter_sex,21,varchar,48,varchar(48),48,,,
mosaic,/workspaces/ssd-data-model/deployment_extracts/mosaic/live/ssd_deployment_individual_files/populate_ssd_data_warehouse.sql,,ssd_permanence,perm_adopter_legal_status,ssd_permanence.perm_adopter_legal_status,22,varchar,100,varchar(100),100,,,
mosaic,/workspaces/ssd-data-model/deployment_extracts/mosaic/live/ssd_deployment_individual_files/populate_ssd_data_warehouse.sql,,ssd_permanence,perm_number_of_adopters,ssd_permanence.perm_number_of_adopters,23,varchar,3,varchar(3),3,,,
mosaic,/workspaces/ssd-data-model/deployment_extracts/mosaic/live/ssd_deployment_individual_files/populate_ssd_data_warehouse.sql,,ssd_person,pers_person_id,ssd_person.pers_person_id,1,varchar,48,varchar(48),48,,,
mosaic,/workspaces/ssd-data-model/deployment_extracts/mosaic/live/ssd_deployment_individual_files/populate_ssd_data_warehouse.sql,,ssd_person,pers_legacy_id,ssd_person.pers_legacy_id,2,varchar,48,varchar(48),48,,,
mosaic,/workspaces/ssd-data-model/deployment_extracts/mosaic/live/ssd_deployment_individual_files/populate_ssd_data_warehouse.sql,,ssd_person,pers_forename,ssd_person.pers_forename,3,varchar,100,varchar(100),100,,,
mosaic,/workspaces/ssd-data-model/deployment_extracts/mosaic/live/ssd_deployment_individual_files/populate_ssd_data_warehouse.sql,,ssd_person,pers_surname,ssd_person.pers_surname,4,varchar,255,varchar(255),255,,,
mosaic,/workspaces/ssd-data-model/deployment_extracts/mosaic/live/ssd_deployment_individual_files/populate_ssd_data_warehouse.sql,,ssd_person,pers_sex,ssd_person.pers_sex,5,varchar,48,varchar(48),48,,,
mosaic,/workspaces/ssd-data-model/deployment_extracts/mosaic/live/ssd_deployment_individual_files/populate_ssd_data_warehouse.sql,,ssd_person,pers_gender,ssd_person.pers_gender,6,varchar,48,varchar(48),48,,,
mosaic,/workspaces/ssd-data-model/deployment_extracts/mosaic/live/ssd_deployment_individual_files/populate_ssd_data_warehouse.sql,,ssd_person,pers_ethnicity,ssd_person.pers_ethnicity,7,varchar,48,varchar(48),48,,,
mosaic,/workspaces/ssd-data-model/deployment_extracts/mosaic/live/ssd_deployment_individual_files/populate_ssd_data_warehouse.sql,,ssd_person,pers_dob,ssd_person.pers_dob,8,datetime,,datetime,,,,
mosaic,/workspaces/ssd-data-model/deployment_extracts/mosaic/live/ssd_deployment_individual_files/populate_ssd_data_warehouse.sql,,ssd_person,pers_single_unique_id,ssd_person.pers_single_unique_id,9,varchar,48,varchar(48),48,,,
mosaic,/workspaces/ssd-data-model/deployment_extracts/mosaic/live/ssd_deployment_individual_files/populate_ssd_data_warehouse.sql,,ssd_person,pers_upn,ssd_person.pers_upn,10,varchar,48,varchar(48),48,,,
mosaic,/workspaces/ssd-data-model/deployment_extracts/mosaic/live/ssd_deployment_individual_files/populate_ssd_data_warehouse.sql,,ssd_person,pers_upn_unknown,ssd_person.pers_upn_unknown,11,varchar,20,varchar(20),20,,,
mosaic,/workspaces/ssd-data-model/deployment_extracts/mosaic/live/ssd_deployment_individual_files/populate_ssd_data_warehouse.sql,,ssd_person,pers_send_flag,ssd_person.pers_send_flag,12,varchar,1,varchar(1),1,,,
mosaic,/workspaces/ssd-data-model/deployment_extracts/mosaic/live/ssd_deployment_individual_files/populate_ssd_data_warehouse.sql,,ssd_person,pers_expected_dob,ssd_person.pers_expected_dob,13,datetime,,datetime,,,,
mosaic,/workspaces/ssd-data-model/deployment_extracts/mosaic/live/ssd_deployment_individual_files/populate_ssd_data_warehouse.sql,,ssd_person,pers_death_date,ssd_person.pers_death_date,14,datetime,,datetime,,,,
mosaic,/workspaces/ssd-data-model/deployment_extracts/mosaic/live/ssd_deployment_individual_files/populate_ssd_data_warehouse.sql,,ssd_person,pers_is_mother,ssd_person.pers_is_mother,15,varchar,1,varchar(1),1,,,
mosaic,/workspaces/ssd-data-model/deployment_extracts/mosaic/live/ssd_deployment_individual_files/populate_ssd_data_warehouse.sql,,ssd_person,pers_nationality,ssd_person.pers_nationality,16,varchar,48,varchar(48),48,,,
mosaic,/workspaces/ssd-data-model/deployment_extracts/mosaic/live/ssd_deployment_individual_files/populate_ssd_data_warehouse.sql,,ssd_pre_proceedings,prep_table_id,ssd_pre_proceedings.prep_table_id,1,nvarchar,48,nvarchar(48),48,,,
mosaic,/workspaces/ssd-data-model/deployment_extracts/mosaic/live/ssd_deployment_individual_files/populate_ssd_data_warehouse.sql,,ssd_pre_proceedings,prep_person_id,ssd_pre_proceedings.prep_person_id,2,nvarchar,48,nvarchar(48),48,,,
mosaic,/workspaces/ssd-data-model/deployment_extracts/mosaic/live/ssd_deployment_individual_files/populate_ssd_data_warehouse.sql,,ssd_pre_proceedings,prep_plo_family_id,ssd_pre_proceedings.prep_plo_family_id,3,nvarchar,48,nvarchar(48),48,,,
mosaic,/workspaces/ssd-data-model/deployment_extracts/mosaic/live/ssd_deployment_individual_files/populate_ssd_data_warehouse.sql,,ssd_pre_proceedings,prep_pre_pro_decision_date,ssd_pre_proceedings.prep_pre_pro_decision_date,4,datetime,,datetime,,,,
mosaic,/workspaces/ssd-data-model/deployment_extracts/mosaic/live/ssd_deployment_individual_files/populate_ssd_data_warehouse.sql,,ssd_pre_proceedings,prep_initial_pre_pro_meeting_date,ssd_pre_proceedings.prep_initial_pre_pro_meeting_date,5,datetime,,datetime,,,,
mosaic,/workspaces/ssd-data-model/deployment_extracts/mosaic/live/ssd_deployment_individual_files/populate_ssd_data_warehouse.sql,,ssd_pre_proceedings,prep_pre_pro_outcome,ssd_pre_proceedings.prep_pre_pro_outcome,6,nvarchar,100,nvarchar(100),100,,,
mosaic,/workspaces/ssd-data-model/deployment_extracts/mosaic/live/ssd_deployment_individual_files/populate_ssd_data_warehouse.sql,,ssd_pre_proceedings,prep_agree_stepdown_issue_date,ssd_pre_proceedings.prep_agree_stepdown_issue_date,7,datetime,,datetime,,,,
mosaic,/workspaces/ssd-data-model/deployment_extracts/mosaic/live/ssd_deployment_individual_files/populate_ssd_data_warehouse.sql,,ssd_pre_proceedings,prep_cp_plans_referral_period,ssd_pre_proceedings.prep_cp_plans_referral_period,8,int,,int,,,,
mosaic,/workspaces/ssd-data-model/deployment_extracts/mosaic/live/ssd_deployment_individual_files/populate_ssd_data_warehouse.sql,,ssd_pre_proceedings,prep_legal_gateway_outcome,ssd_pre_proceedings.prep_legal_gateway_outcome,9,nvarchar,100,nvarchar(100),100,,,
mosaic,/workspaces/ssd-data-model/deployment_extracts/mosaic/live/ssd_deployment_individual_files/populate_ssd_data_warehouse.sql,,ssd_pre_proceedings,prep_prev_pre_proc_child,ssd_pre_proceedings.prep_prev_pre_proc_child,10,int,,int,,,,
mosaic,/workspaces/ssd-data-model/deployment_extracts/mosaic/live/ssd_deployment_individual_files/populate_ssd_data_warehouse.sql,,ssd_pre_proceedings,prep_prev_care_proc_child,ssd_pre_proceedings.prep_prev_care_proc_child,11,int,,int,,,,
mosaic,/workspaces/ssd-data-model/deployment_extracts/mosaic/live/ssd_deployment_individual_files/populate_ssd_data_warehouse.sql,,ssd_pre_proceedings,prep_pre_pro_letter_date,ssd_pre_proceedings.prep_pre_pro_letter_date,12,datetime,,datetime,,,,
mosaic,/workspaces/ssd-data-model/deployment_extracts/mosaic/live/ssd_deployment_individual_files/populate_ssd_data_warehouse.sql,,ssd_pre_proceedings,prep_care_pro_letter_date,ssd_pre_proceedings.prep_care_pro_letter_date,13,datetime,,datetime,,,,
mosaic,/workspaces/ssd-data-model/deployment_extracts/mosaic/live/ssd_deployment_individual_files/populate_ssd_data_warehouse.sql,,ssd_pre_proceedings,prep_pre_pro_meetings_num,ssd_pre_proceedings.prep_pre_pro_meetings_num,14,int,,int,,,,
mosaic,/workspaces/ssd-data-model/deployment_extracts/mosaic/live/ssd_deployment_individual_files/populate_ssd_data_warehouse.sql,,ssd_pre_proceedings,prep_pre_pro_parents_legal_rep,ssd_pre_proceedings.prep_pre_pro_parents_legal_rep,15,nchar,1,nchar(1),1,,,
mosaic,/workspaces/ssd-data-model/deployment_extracts/mosaic/live/ssd_deployment_individual_files/populate_ssd_data_warehouse.sql,,ssd_pre_proceedings,prep_parents_legal_rep_point_of_issue,ssd_pre_proceedings.prep_parents_legal_rep_point_of_issue,16,nchar,2,nchar(2),2,,,
mosaic,/workspaces/ssd-data-model/deployment_extracts/mosaic/live/ssd_deployment_individual_files/populate_ssd_data_warehouse.sql,,ssd_pre_proceedings,prep_court_reference,ssd_pre_proceedings.prep_court_reference,17,nvarchar,48,nvarchar(48),48,,,
mosaic,/workspaces/ssd-data-model/deployment_extracts/mosaic/live/ssd_deployment_individual_files/populate_ssd_data_warehouse.sql,,ssd_pre_proceedings,prep_care_proc_court_hearings,ssd_pre_proceedings.prep_care_proc_court_hearings,18,int,,int,,,,
mosaic,/workspaces/ssd-data-model/deployment_extracts/mosaic/live/ssd_deployment_individual_files/populate_ssd_data_warehouse.sql,,ssd_pre_proceedings,prep_care_proc_short_notice,ssd_pre_proceedings.prep_care_proc_short_notice,19,nchar,1,nchar(1),1,,,
mosaic,/workspaces/ssd-data-model/deployment_extracts/mosaic/live/ssd_deployment_individual_files/populate_ssd_data_warehouse.sql,,ssd_pre_proceedings,prep_proc_short_notice_reason,ssd_pre_proceedings.prep_proc_short_notice_reason,20,nvarchar,100,nvarchar(100),100,,,
mosaic,/workspaces/ssd-data-model/deployment_extracts/mosaic/live/ssd_deployment_individual_files/populate_ssd_data_warehouse.sql,,ssd_pre_proceedings,prep_la_inital_plan_approved,ssd_pre_proceedings.prep_la_inital_plan_approved,21,nchar,1,nchar(1),1,,,
mosaic,/workspaces/ssd-data-model/deployment_extracts/mosaic/live/ssd_deployment_individual_files/populate_ssd_data_warehouse.sql,,ssd_pre_proceedings,prep_la_initial_care_plan,ssd_pre_proceedings.prep_la_initial_care_plan,22,nvarchar,100,nvarchar(100),100,,,
mosaic,/workspaces/ssd-data-model/deployment_extracts/mosaic/live/ssd_deployment_individual_files/populate_ssd_data_warehouse.sql,,ssd_pre_proceedings,prep_la_final_plan_approved,ssd_pre_proceedings.prep_la_final_plan_approved,23,nchar,1,nchar(1),1,,,
mosaic,/workspaces/ssd-data-model/deployment_extracts/mosaic/live/ssd_deployment_individual_files/populate_ssd_data_warehouse.sql,,ssd_pre_proceedings,prep_la_final_care_plan,ssd_pre_proceedings.prep_la_final_care_plan,24,nvarchar,100,nvarchar(100),100,,,
mosaic,/workspaces/ssd-data-model/deployment_extracts/mosaic/live/ssd_deployment_individual_files/populate_ssd_data_warehouse.sql,,ssd_professionals,prof_professional_id,ssd_professionals.prof_professional_id,1,varchar,48,varchar(48),48,,,
mosaic,/workspaces/ssd-data-model/deployment_extracts/mosaic/live/ssd_deployment_individual_files/populate_ssd_data_warehouse.sql,,ssd_professionals,prof_staff_id,ssd_professionals.prof_staff_id,2,varchar,48,varchar(48),48,,,
mosaic,/workspaces/ssd-data-model/deployment_extracts/mosaic/live/ssd_deployment_individual_files/populate_ssd_data_warehouse.sql,,ssd_professionals,prof_social_worker_registration_no,ssd_professionals.prof_social_worker_registration_no,3,varchar,48,varchar(48),48,,,
mosaic,/workspaces/ssd-data-model/deployment_extracts/mosaic/live/ssd_deployment_individual_files/populate_ssd_data_warehouse.sql,,ssd_professionals,prof_agency_worker_flag,ssd_professionals.prof_agency_worker_flag,4,varchar,100,varchar(100),100,,,
mosaic,/workspaces/ssd-data-model/deployment_extracts/mosaic/live/ssd_deployment_individual_files/populate_ssd_data_warehouse.sql,,ssd_professionals,prof_professional_job_title,ssd_professionals.prof_professional_job_title,5,varchar,500,varchar(500),500,,,
mosaic,/workspaces/ssd-data-model/deployment_extracts/mosaic/live/ssd_deployment_individual_files/populate_ssd_data_warehouse.sql,,ssd_professionals,prof_professional_caseload,ssd_professionals.prof_professional_caseload,6,int,,int,,,,
mosaic,/workspaces/ssd-data-model/deployment_extracts/mosaic/live/ssd_deployment_individual_files/populate_ssd_data_warehouse.sql,,ssd_professionals,prof_professional_department,ssd_professionals.prof_professional_department,7,varchar,100,varchar(100),100,,,
mosaic,/workspaces/ssd-data-model/deployment_extracts/mosaic/live/ssd_deployment_individual_files/populate_ssd_data_warehouse.sql,,ssd_professionals,prof_full_time_equivalency,ssd_professionals.prof_full_time_equivalency,8,decimal,"6,2","decimal(6,2)",,6,2,
mosaic,/workspaces/ssd-data-model/deployment_extracts/mosaic/live/ssd_deployment_individual_files/populate_ssd_data_warehouse.sql,,ssd_s251_finance,s251_table_id,ssd_s251_finance.s251_table_id,1,nvarchar,48,nvarchar(48),48,,,
mosaic,/workspaces/ssd-data-model/deployment_extracts/mosaic/live/ssd_deployment_individual_files/populate_ssd_data_warehouse.sql,,ssd_s251_finance,s251_cla_placement_id,ssd_s251_finance.s251_cla_placement_id,2,nvarchar,48,nvarchar(48),48,,,
mosaic,/workspaces/ssd-data-model/deployment_extracts/mosaic/live/ssd_deployment_individual_files/populate_ssd_data_warehouse.sql,,ssd_s251_finance,s251_placeholder_1,ssd_s251_finance.s251_placeholder_1,3,nvarchar,48,nvarchar(48),48,,,
mosaic,/workspaces/ssd-data-model/deployment_extracts/mosaic/live/ssd_deployment_individual_files/populate_ssd_data_warehouse.sql,,ssd_s251_finance,s251_placeholder_2,ssd_s251_finance.s251_placeholder_2,4,nvarchar,48,nvarchar(48),48,,,
mosaic,/workspaces/ssd-data-model/deployment_extracts/mosaic/live/ssd_deployment_individual_files/populate_ssd_data_warehouse.sql,,ssd_s251_finance,s251_placeholder_3,ssd_s251_finance.s251_placeholder_3,5,nvarchar,48,nvarchar(48),48,,,
mosaic,/workspaces/ssd-data-model/deployment_extracts/mosaic/live/ssd_deployment_individual_files/populate_ssd_data_warehouse.sql,,ssd_s251_finance,s251_placeholder_4,ssd_s251_finance.s251_placeholder_4,6,nvarchar,48,nvarchar(48),48,,,
mosaic,/workspaces/ssd-data-model/deployment_extracts/mosaic/live/ssd_deployment_individual_files/populate_ssd_data_warehouse.sql,,ssd_s47_enquiry,s47e_s47_enquiry_id,ssd_s47_enquiry.s47e_s47_enquiry_id,1,int,,int,,,,
mosaic,/workspaces/ssd-data-model/deployment_extracts/mosaic/live/ssd_deployment_individual_files/populate_ssd_data_warehouse.sql,,ssd_s47_enquiry,s47e_referral_id,ssd_s47_enquiry.s47e_referral_id,2,int,,int,,,,
mosaic,/workspaces/ssd-data-model/deployment_extracts/mosaic/live/ssd_deployment_individual_files/populate_ssd_data_warehouse.sql,,ssd_s47_enquiry,s47e_person_id,ssd_s47_enquiry.s47e_person_id,3,varchar,48,varchar(48),48,,,
mosaic,/workspaces/ssd-data-model/deployment_extracts/mosaic/live/ssd_deployment_individual_files/populate_ssd_data_warehouse.sql,,ssd_s47_enquiry,s47e_s47_start_date,ssd_s47_enquiry.s47e_s47_start_date,4,datetime,,datetime,,,,
mosaic,/workspaces/ssd-data-model/deployment_extracts/mosaic/live/ssd_deployment_individual_files/populate_ssd_data_warehouse.sql,,ssd_s47_enquiry,s47e_s47_end_date,ssd_s47_enquiry.s47e_s47_end_date,5,datetime,,datetime,,,,
mosaic,/workspaces/ssd-data-model/deployment_extracts/mosaic/live/ssd_deployment_individual_files/populate_ssd_data_warehouse.sql,,ssd_s47_enquiry,s47e_s47_nfa,ssd_s47_enquiry.s47e_s47_nfa,6,char,1,char(1),1,,,
mosaic,/workspaces/ssd-data-model/deployment_extracts/mosaic/live/ssd_deployment_individual_files/populate_ssd_data_warehouse.sql,,ssd_s47_enquiry,s47e_s47_outcome_json,ssd_s47_enquiry.s47e_s47_outcome_json,7,varchar,1000,varchar(1000),1000,,,
mosaic,/workspaces/ssd-data-model/deployment_extracts/mosaic/live/ssd_deployment_individual_files/populate_ssd_data_warehouse.sql,,ssd_s47_enquiry,s47e_s47_completed_by_worker_id,ssd_s47_enquiry.s47e_s47_completed_by_worker_id,8,varchar,48,varchar(48),48,,,
mosaic,/workspaces/ssd-data-model/deployment_extracts/mosaic/live/ssd_deployment_individual_files/populate_ssd_data_warehouse.sql,,ssd_s47_enquiry,s47e_s47_completed_by_team,ssd_s47_enquiry.s47e_s47_completed_by_team,9,varchar,100,varchar(100),100,,,
mosaic,/workspaces/ssd-data-model/deployment_extracts/mosaic/live/ssd_deployment_individual_files/populate_ssd_data_warehouse.sql,,ssd_sdq_scores,csdq_table_id,ssd_sdq_scores.csdq_table_id,1,varchar,48,varchar(48),48,,,
mosaic,/workspaces/ssd-data-model/deployment_extracts/mosaic/live/ssd_deployment_individual_files/populate_ssd_data_warehouse.sql,,ssd_sdq_scores,csdq_person_id,ssd_sdq_scores.csdq_person_id,2,varchar,48,varchar(48),48,,,
mosaic,/workspaces/ssd-data-model/deployment_extracts/mosaic/live/ssd_deployment_individual_files/populate_ssd_data_warehouse.sql,,ssd_sdq_scores,csdq_sdq_completed_date,ssd_sdq_scores.csdq_sdq_completed_date,3,datetime,,datetime,,,,
mosaic,/workspaces/ssd-data-model/deployment_extracts/mosaic/live/ssd_deployment_individual_files/populate_ssd_data_warehouse.sql,,ssd_sdq_scores,csdq_sdq_reason,ssd_sdq_scores.csdq_sdq_reason,4,varchar,100,varchar(100),100,,,
mosaic,/workspaces/ssd-data-model/deployment_extracts/mosaic/live/ssd_deployment_individual_files/populate_ssd_data_warehouse.sql,,ssd_sdq_scores,csdq_sdq_score,ssd_sdq_scores.csdq_sdq_score,5,varchar,100,varchar(100),100,,,
mosaic,/workspaces/ssd-data-model/deployment_extracts/mosaic/live/ssd_deployment_individual_files/populate_ssd_data_warehouse.sql,,ssd_sen_need,senn_table_id,ssd_sen_need.senn_table_id,1,nvarchar,48,nvarchar(48),48,,,
mosaic,/workspaces/ssd-data-model/deployment_extracts/mosaic/live/ssd_deployment_individual_files/populate_ssd_data_warehouse.sql,,ssd_sen_need,senn_active_ehcp_id,ssd_sen_need.senn_active_ehcp_id,2,nvarchar,48,nvarchar(48),48,,,
mosaic,/workspaces/ssd-data-model/deployment_extracts/mosaic/live/ssd_deployment_individual_files/populate_ssd_data_warehouse.sql,,ssd_sen_need,senn_active_ehcp_need_type,ssd_sen_need.senn_active_ehcp_need_type,3,nvarchar,100,nvarchar(100),100,,,
mosaic,/workspaces/ssd-data-model/deployment_extracts/mosaic/live/ssd_deployment_individual_files/populate_ssd_data_warehouse.sql,,ssd_sen_need,senn_active_ehcp_need_rank,ssd_sen_need.senn_active_ehcp_need_rank,4,nchar,1,nchar(1),1,,,
mosaic,/workspaces/ssd-data-model/deployment_extracts/mosaic/live/ssd_deployment_individual_files/populate_ssd_data_warehouse.sql,,ssd_send,send_table_id,ssd_send.send_table_id,1,nvarchar,48,nvarchar(48),48,,,
mosaic,/workspaces/ssd-data-model/deployment_extracts/mosaic/live/ssd_deployment_individual_files/populate_ssd_data_warehouse.sql,,ssd_send,send_person_id,ssd_send.send_person_id,2,nvarchar,48,nvarchar(48),48,,,
mosaic,/workspaces/ssd-data-model/deployment_extracts/mosaic/live/ssd_deployment_individual_files/populate_ssd_data_warehouse.sql,,ssd_send,send_upn,ssd_send.send_upn,3,nvarchar,48,nvarchar(48),48,,,
mosaic,/workspaces/ssd-data-model/deployment_extracts/mosaic/live/ssd_deployment_individual_files/populate_ssd_data_warehouse.sql,,ssd_send,send_uln,ssd_send.send_uln,4,nvarchar,48,nvarchar(48),48,,,
mosaic,/workspaces/ssd-data-model/deployment_extracts/mosaic/live/ssd_deployment_individual_files/populate_ssd_data_warehouse.sql,,ssd_send,send_upn_unknown,ssd_send.send_upn_unknown,5,nvarchar,48,nvarchar(48),48,,,
mosaic,/workspaces/ssd-data-model/deployment_extracts/mosaic/live/ssd_deployment_individual_files/populate_ssd_data_warehouse.sql,,ssd_voice_of_child,voch_table_id,ssd_voice_of_child.voch_table_id,1,nvarchar,48,nvarchar(48),48,,,
mosaic,/workspaces/ssd-data-model/deployment_extracts/mosaic/live/ssd_deployment_individual_files/populate_ssd_data_warehouse.sql,,ssd_voice_of_child,voch_person_id,ssd_voice_of_child.voch_person_id,2,nvarchar,48,nvarchar(48),48,,,
mosaic,/workspaces/ssd-data-model/deployment_extracts/mosaic/live/ssd_deployment_individual_files/populate_ssd_data_warehouse.sql,,ssd_voice_of_child,voch_explained_worries,ssd_voice_of_child.voch_explained_worries,3,nchar,1,nchar(1),1,,,
mosaic,/workspaces/ssd-data-model/deployment_extracts/mosaic/live/ssd_deployment_individual_files/populate_ssd_data_warehouse.sql,,ssd_voice_of_child,voch_story_help_understand,ssd_voice_of_child.voch_story_help_understand,4,nchar,1,nchar(1),1,,,
mosaic,/workspaces/ssd-data-model/deployment_extracts/mosaic/live/ssd_deployment_individual_files/populate_ssd_data_warehouse.sql,,ssd_voice_of_child,voch_agree_worker,ssd_voice_of_child.voch_agree_worker,5,nchar,1,nchar(1),1,,,
mosaic,/workspaces/ssd-data-model/deployment_extracts/mosaic/live/ssd_deployment_individual_files/populate_ssd_data_warehouse.sql,,ssd_voice_of_child,voch_plan_safe,ssd_voice_of_child.voch_plan_safe,6,nchar,1,nchar(1),1,,,
mosaic,/workspaces/ssd-data-model/deployment_extracts/mosaic/live/ssd_deployment_individual_files/populate_ssd_data_warehouse.sql,,ssd_voice_of_child,voch_tablet_help_explain,ssd_voice_of_child.voch_tablet_help_explain,7,nchar,1,nchar(1),1,,,
