anon_person_id,pers_gender,pers_ethnicity,pers_dob,pers_is_mother,pers_involvement_history_json
0.471739701,M,A1,22/01/1954,NULL,NULL
0.351916107,M,A1,06/04/1974,NULL,NULL
0.865374142,F,A1,24/07/1980,NULL,NULL
0.910276397,M,A1,08/07/1963,NULL,NULL
0.790581376,F,A1,30/12/1979,NULL,NULL
0.137154244,M,A1,25/03/1987,NULL,"{""INVOLVEMENT_ID"":10374,""INVOLVEMENT_TYPE_CODE"":""CW"",""INVOLVEMENT_TYPE_DESC"":""Allocated Case Worker"",""START_DATE"":""2000-01-25T00:00:00"",""END_DATE"":""2000-06-29T00:00:00"",""WORKER_ID"":3492,""DEPARTMENT_ID"":-1}"
0.642627058,M,A1,17/05/1966,NULL,NULL
0.684862523,M,NULL,12/02/1968,NULL,NULL
0.443622819,M,A1,06/10/1989,NULL,"{""INVOLVEMENT_ID"":84845,""INVOLVEMENT_TYPE_CODE"":""CSO"",""INVOLVEMENT_TYPE_DESC"":""Main File Holder"",""START_DATE"":""2007-01-31T00:00:00"",""END_DATE"":""2007-05-21T00:00:00"",""WORKER_ID"":540,""DEPARTMENT_ID"":-1}"
0.026730306,F,E4,21/12/1952,NULL,NULL
0.414171586,F,A1,05/05/1946,NULL,NULL
0.928806009,M,A1,11/06/1931,NULL,NULL
0.177396492,M,A1,18/04/1942,NULL,NULL
0.346761587,F,A1,19/01/1957,NULL,NULL
0.559465058,F,A1,30/05/1972,NULL,NULL
0.000527122,F,A1,22/08/1933,NULL,NULL
0.070112469,M,A1,19/04/1964,NULL,NULL
0.552974413,M,A1,24/10/1990,NULL,"{""INVOLVEMENT_ID"":90554,""INVOLVEMENT_TYPE_CODE"":""CSO"",""INVOLVEMENT_TYPE_DESC"":""Main File Holder"",""START_DATE"":""2008-02-23T00:00:00"",""END_DATE"":""2009-01-15T00:00:00"",""WORKER_ID"":-1,""DEPARTMENT_ID"":737}"
0.490627147,M,A1,04/09/1923,NULL,NULL
0.115548044,M,A1,21/08/1993,NULL,"{""INVOLVEMENT_ID"":16998,""INVOLVEMENT_TYPE_CODE"":""CW"",""INVOLVEMENT_TYPE_DESC"":""Allocated Case Worker"",""START_DATE"":""1995-10-26T00:00:00"",""END_DATE"":""2001-07-03T00:00:00"",""WORKER_ID"":13047,""DEPARTMENT_ID"":-1}"
0.387857257,M,A1,20/08/1934,NULL,NULL
0.082011151,F,A1,23/08/1961,Y,NULL
0.998640191,F,E4,26/07/1968,Y,NULL
0.325847648,M,A1,20/06/1989,NULL,"{""INVOLVEMENT_ID"":31051,""INVOLVEMENT_TYPE_CODE"":""CW"",""INVOLVEMENT_TYPE_DESC"":""Allocated Case Worker"",""START_DATE"":""2003-01-22T00:00:00"",""END_DATE"":""2006-07-04T00:00:00"",""WORKER_ID"":3135,""DEPARTMENT_ID"":-1}"
0.472244473,F,A1,05/01/1963,Y,NULL
0.939333241,M,A1,24/08/1984,NULL,NULL
0.651818886,F,A1,01/05/1955,NULL,NULL
0.739948069,F,A1,13/06/1991,Y,"{""INVOLVEMENT_ID"":62384,""INVOLVEMENT_TYPE_CODE"":""CSO"",""INVOLVEMENT_TYPE_DESC"":""Main File Holder"",""START_DATE"":""2003-08-01T00:00:00"",""END_DATE"":""2003-08-01T00:00:00"",""WORKER_ID"":5036,""DEPARTMENT_ID"":-1}"
0.00411148,M,A1,19/09/1970,NULL,NULL
0.583319035,F,A1,02/07/1984,NULL,"{""INVOLVEMENT_ID"":10647,""INVOLVEMENT_TYPE_CODE"":""CW"",""INVOLVEMENT_TYPE_DESC"":""Allocated Case Worker"",""START_DATE"":""2001-02-12T00:00:00"",""END_DATE"":""2001-03-11T00:00:00"",""WORKER_ID"":-1,""DEPARTMENT_ID"":1990}"
0.351514495,M,A1,14/02/1993,NULL,"{""INVOLVEMENT_ID"":73725,""INVOLVEMENT_TYPE_CODE"":""CW"",""INVOLVEMENT_TYPE_DESC"":""Allocated Case Worker"",""START_DATE"":""2006-05-23T00:00:00"",""END_DATE"":""2006-05-23T00:00:00"",""WORKER_ID"":4913,""DEPARTMENT_ID"":-1}"
0.92543624,F,A1,30/01/1994,NULL,"{""INVOLVEMENT_ID"":10382,""INVOLVEMENT_TYPE_CODE"":""CW"",""INVOLVEMENT_TYPE_DESC"":""Allocated Case Worker"",""START_DATE"":""2001-06-13T00:00:00"",""END_DATE"":""2001-06-13T00:00:00"",""WORKER_ID"":5258,""DEPARTMENT_ID"":-1}"
0.496507622,F,A1,12/03/1947,NULL,NULL
0.322769723,M,A1,04/10/1958,NULL,NULL
0.835227423,F,A1,21/05/1969,NULL,NULL
0.199346359,F,A1,21/12/1966,Y,NULL
0.767465361,M,A1,09/06/1988,NULL,"{""INVOLVEMENT_ID"":54898,""INVOLVEMENT_TYPE_CODE"":""CSO"",""INVOLVEMENT_TYPE_DESC"":""Main File Holder"",""START_DATE"":""2001-07-08T00:00:00"",""END_DATE"":""2003-06-06T00:00:00"",""WORKER_ID"":5065,""DEPARTMENT_ID"":-1}"
0.725230718,F,A1,03/11/1989,NULL,"{""INVOLVEMENT_ID"":11151,""INVOLVEMENT_TYPE_CODE"":""CW"",""INVOLVEMENT_TYPE_DESC"":""Allocated Case Worker"",""START_DATE"":""2000-11-17T00:00:00"",""END_DATE"":""2001-01-23T00:00:00"",""WORKER_ID"":-1,""DEPARTMENT_ID"":1986}"
0.338941404,F,A1,28/07/1968,NULL,"{""INVOLVEMENT_ID"":75643,""INVOLVEMENT_TYPE_CODE"":""CSO"",""INVOLVEMENT_TYPE_DESC"":""Main File Holder"",""START_DATE"":""2005-07-04T00:00:00"",""END_DATE"":""2006-02-02T00:00:00"",""WORKER_ID"":5526,""DEPARTMENT_ID"":-1}"
0.558250277,M,A1,13/03/1990,NULL,NULL
0.217809369,F,A1,16/09/2000,Y,"{""INVOLVEMENT_ID"":92,""INVOLVEMENT_TYPE_CODE"":""CW"",""INVOLVEMENT_TYPE_DESC"":""Allocated Case Worker"",""START_DATE"":""2014-05-10T00:00:00"",""END_DATE"":""2014-09-22T00:00:00"",""WORKER_ID"":11826,""DEPARTMENT_ID"":-1}"
0.068328144,M,A1,02/07/1998,NULL,"{""INVOLVEMENT_ID"":32825,""INVOLVEMENT_TYPE_CODE"":""CW"",""INVOLVEMENT_TYPE_DESC"":""Allocated Case Worker"",""START_DATE"":""2014-03-03T00:00:00"",""END_DATE"":""2014-08-20T00:00:00"",""WORKER_ID"":9494,""DEPARTMENT_ID"":-1}"
0.572096525,M,A1,30/11/1979,NULL,NULL
0.549461456,M,A1,14/04/2002,NULL,NULL
0.650949832,F,A1,20/05/2005,NULL,"{""INVOLVEMENT_ID"":2362,""INVOLVEMENT_TYPE_CODE"":""CW"",""INVOLVEMENT_TYPE_DESC"":""Allocated Case Worker"",""START_DATE"":""2014-12-10T00:00:00"",""END_DATE"":""2015-03-04T00:00:00"",""WORKER_ID"":9885,""DEPARTMENT_ID"":-1}"
0.564297469,F,A3,18/09/1993,NULL,"{""INVOLVEMENT_ID"":57350,""INVOLVEMENT_TYPE_CODE"":""CW"",""INVOLVEMENT_TYPE_DESC"":""Allocated Case Worker"",""START_DATE"":""2006-01-20T00:00:00"",""END_DATE"":""2006-01-22T00:00:00"",""WORKER_ID"":5022,""DEPARTMENT_ID"":-1}"
0.101877022,F,A1,20/12/1999,Y,NULL
0.64159935,M,A1,27/01/1986,NULL,NULL
0.838068327,F,A1,08/11/1926,NULL,NULL
0.641304698,F,A1,13/05/1971,Y,NULL
0.184975148,F,A1,23/07/2004,Y,"{""INVOLVEMENT_ID"":29882,""INVOLVEMENT_TYPE_CODE"":""CW"",""INVOLVEMENT_TYPE_DESC"":""Allocated Case Worker"",""START_DATE"":""2005-05-18T00:00:00"",""END_DATE"":""2006-04-19T00:00:00"",""WORKER_ID"":13047,""DEPARTMENT_ID"":-1}"
0.725932152,M,A1,26/07/2000,NULL,"{""INVOLVEMENT_ID"":4493,""INVOLVEMENT_TYPE_CODE"":""CW"",""INVOLVEMENT_TYPE_DESC"":""Allocated Case Worker"",""START_DATE"":""2014-11-13T00:00:00"",""END_DATE"":""2015-06-15T00:00:00"",""WORKER_ID"":10696,""DEPARTMENT_ID"":-1}"
0.641801951,F,A1,20/05/2005,NULL,"{""INVOLVEMENT_ID"":28498,""INVOLVEMENT_TYPE_CODE"":""CW"",""INVOLVEMENT_TYPE_DESC"":""Allocated Case Worker"",""START_DATE"":""2010-04-06T00:00:00"",""END_DATE"":""2010-04-06T00:00:00"",""WORKER_ID"":13047,""DEPARTMENT_ID"":-1}"
0.980006997,F,A1,19/02/2003,NULL,"{""INVOLVEMENT_ID"":28047,""INVOLVEMENT_TYPE_CODE"":""CW"",""INVOLVEMENT_TYPE_DESC"":""Allocated Case Worker"",""START_DATE"":""2010-04-06T00:00:00"",""END_DATE"":""2010-04-06T00:00:00"",""WORKER_ID"":13047,""DEPARTMENT_ID"":-1}"
0.101325132,M,D1,27/07/2003,NULL,"{""INVOLVEMENT_ID"":29884,""INVOLVEMENT_TYPE_CODE"":""CW"",""INVOLVEMENT_TYPE_DESC"":""Allocated Case Worker"",""START_DATE"":""2008-12-03T00:00:00"",""END_DATE"":""2010-07-18T00:00:00"",""WORKER_ID"":13047,""DEPARTMENT_ID"":-1}"
0.011125524,M,A1,06/12/1949,NULL,NULL
0.921403459,M,A1,08/05/2001,NULL,"{""INVOLVEMENT_ID"":28051,""INVOLVEMENT_TYPE_CODE"":""CW"",""INVOLVEMENT_TYPE_DESC"":""Allocated Case Worker"",""START_DATE"":""2008-06-04T00:00:00"",""END_DATE"":""2008-06-10T00:00:00"",""WORKER_ID"":13047,""DEPARTMENT_ID"":-1}"
0.14548835,F,A2,01/09/2001,NULL,"{""INVOLVEMENT_ID"":23111,""INVOLVEMENT_TYPE_CODE"":""CW"",""INVOLVEMENT_TYPE_DESC"":""Allocated Case Worker"",""START_DATE"":""2014-08-01T00:00:00"",""END_DATE"":""2014-10-03T00:00:00"",""WORKER_ID"":8411,""DEPARTMENT_ID"":-1}"
0.362860679,M,A1,03/06/1996,NULL,"{""INVOLVEMENT_ID"":28574,""INVOLVEMENT_TYPE_CODE"":""CW"",""INVOLVEMENT_TYPE_DESC"":""Allocated Case Worker"",""START_DATE"":""2011-05-17T00:00:00"",""END_DATE"":""2011-05-31T00:00:00"",""WORKER_ID"":13047,""DEPARTMENT_ID"":-1}"
0.446985036,F,E4,08/07/1992,Y,"{""INVOLVEMENT_ID"":389778,""INVOLVEMENT_TYPE_CODE"":""KACHV"",""INVOLVEMENT_TYPE_DESC"":""Health Visitor"",""START_DATE"":""2019-04-16T00:00:00"",""END_DATE"":""2022-03-24T00:00:00"",""WORKER_ID"":14520,""DEPARTMENT_ID"":5407}"
0.585201089,F,A1,24/05/1969,Y,NULL
0.641185676,M,E4,24/12/1997,NULL,"{""INVOLVEMENT_ID"":72569,""INVOLVEMENT_TYPE_CODE"":""CSO"",""INVOLVEMENT_TYPE_DESC"":""Main File Holder"",""START_DATE"":""2005-04-28T00:00:00"",""END_DATE"":""2005-07-18T00:00:00"",""WORKER_ID"":4967,""DEPARTMENT_ID"":-1}"
0.303207882,F,A1,09/03/1968,Y,NULL
0.551924864,M,A1,26/12/2012,NULL,"{""INVOLVEMENT_ID"":426356,""INVOLVEMENT_TYPE_CODE"":""CW"",""INVOLVEMENT_TYPE_DESC"":""Allocated Case Worker"",""START_DATE"":""2005-03-23T00:00:00"",""END_DATE"":""2005-04-22T00:00:00"",""WORKER_ID"":5346,""DEPARTMENT_ID"":-1}"
0.595387279,M,A1,05/12/1999,NULL,"{""INVOLVEMENT_ID"":29346,""INVOLVEMENT_TYPE_CODE"":""CW"",""INVOLVEMENT_TYPE_DESC"":""Allocated Case Worker"",""START_DATE"":""2005-07-22T00:00:00"",""END_DATE"":""2008-12-18T00:00:00"",""WORKER_ID"":13047,""DEPARTMENT_ID"":-1}"
0.060459981,F,A1,15/01/1998,NULL,"{""INVOLVEMENT_ID"":30492,""INVOLVEMENT_TYPE_CODE"":""CW"",""INVOLVEMENT_TYPE_DESC"":""Allocated Case Worker"",""START_DATE"":""2006-10-11T00:00:00"",""END_DATE"":""2006-10-25T00:00:00"",""WORKER_ID"":13047,""DEPARTMENT_ID"":-1}"
0.537163977,F,A1,18/05/2003,NULL,"{""INVOLVEMENT_ID"":2773,""INVOLVEMENT_TYPE_CODE"":""CW"",""INVOLVEMENT_TYPE_DESC"":""Allocated Case Worker"",""START_DATE"":""2014-12-23T00:00:00"",""END_DATE"":""2015-04-10T00:00:00"",""WORKER_ID"":7464,""DEPARTMENT_ID"":-1}"
0.288554718,F,A1,10/09/1975,Y,NULL
0.015198546,F,A1,10/01/1951,NULL,NULL
0.47616599,F,A1,24/03/2005,NULL,"{""INVOLVEMENT_ID"":29409,""INVOLVEMENT_TYPE_CODE"":""CW"",""INVOLVEMENT_TYPE_DESC"":""Allocated Case Worker"",""START_DATE"":""2005-05-06T00:00:00"",""END_DATE"":""2006-07-20T00:00:00"",""WORKER_ID"":13047,""DEPARTMENT_ID"":-1}"
0.67259544,F,A1,14/03/1956,NULL,NULL
0.209156566,F,A1,03/01/2002,Y,"{""INVOLVEMENT_ID"":30406,""INVOLVEMENT_TYPE_CODE"":""CW"",""INVOLVEMENT_TYPE_DESC"":""Allocated Case Worker"",""START_DATE"":""2010-08-26T00:00:00"",""END_DATE"":""2010-11-28T00:00:00"",""WORKER_ID"":13047,""DEPARTMENT_ID"":-1}"
0.169780045,M,A1,03/08/2004,NULL,"{""INVOLVEMENT_ID"":30464,""INVOLVEMENT_TYPE_CODE"":""CW"",""INVOLVEMENT_TYPE_DESC"":""Allocated Case Worker"",""START_DATE"":""2010-06-17T00:00:00"",""END_DATE"":""2010-06-27T00:00:00"",""WORKER_ID"":13047,""DEPARTMENT_ID"":-1}"
0.605837321,M,A1,10/06/1951,NULL,"{""INVOLVEMENT_ID"":147838,""INVOLVEMENT_TYPE_CODE"":""CSO"",""INVOLVEMENT_TYPE_DESC"":""Main File Holder"",""START_DATE"":""2013-07-18T00:00:00"",""END_DATE"":""2013-11-06T00:00:00"",""WORKER_ID"":258,""DEPARTMENT_ID"":-1}"
0.76079497,M,A1,22/06/2004,NULL,"{""INVOLVEMENT_ID"":1075,""INVOLVEMENT_TYPE_CODE"":""CW"",""INVOLVEMENT_TYPE_DESC"":""Allocated Case Worker"",""START_DATE"":""2013-10-12T00:00:00"",""END_DATE"":""2013-12-09T00:00:00"",""WORKER_ID"":9121,""DEPARTMENT_ID"":-1}"
0.807818966,F,A1,28/07/2005,Y,"{""INVOLVEMENT_ID"":30579,""INVOLVEMENT_TYPE_CODE"":""CW"",""INVOLVEMENT_TYPE_DESC"":""Allocated Case Worker"",""START_DATE"":""2005-10-28T00:00:00"",""END_DATE"":""2007-03-29T00:00:00"",""WORKER_ID"":13047,""DEPARTMENT_ID"":-1}"
0.843842899,M,A1,19/10/2004,NULL,"{""INVOLVEMENT_ID"":30497,""INVOLVEMENT_TYPE_CODE"":""CW"",""INVOLVEMENT_TYPE_DESC"":""Allocated Case Worker"",""START_DATE"":""2011-03-08T00:00:00"",""END_DATE"":""2012-01-10T00:00:00"",""WORKER_ID"":13047,""DEPARTMENT_ID"":-1}"
0.0900407,M,A1,16/04/1987,NULL,NULL
0.271358472,F,A1,22/06/2005,NULL,"{""INVOLVEMENT_ID"":30469,""INVOLVEMENT_TYPE_CODE"":""CW"",""INVOLVEMENT_TYPE_DESC"":""Allocated Case Worker"",""START_DATE"":""2005-05-13T00:00:00"",""END_DATE"":""2005-05-13T00:00:00"",""WORKER_ID"":13047,""DEPARTMENT_ID"":-1}"
0.959682162,F,A1,04/01/1990,NULL,"{""INVOLVEMENT_ID"":15718,""INVOLVEMENT_TYPE_CODE"":""CW"",""INVOLVEMENT_TYPE_DESC"":""Allocated Case Worker"",""START_DATE"":""2005-04-05T00:00:00"",""END_DATE"":""2005-04-08T00:00:00"",""WORKER_ID"":5854,""DEPARTMENT_ID"":-1}"
0.383491502,F,A1,14/01/2005,NULL,"{""INVOLVEMENT_ID"":16562,""INVOLVEMENT_TYPE_CODE"":""CW"",""INVOLVEMENT_TYPE_DESC"":""Allocated Case Worker"",""START_DATE"":""2004-04-05T00:00:00"",""END_DATE"":""2005-07-08T00:00:00"",""WORKER_ID"":5086,""DEPARTMENT_ID"":-1}"
0.168159661,M,A1,23/07/1992,NULL,"{""INVOLVEMENT_ID"":16572,""INVOLVEMENT_TYPE_CODE"":""CW"",""INVOLVEMENT_TYPE_DESC"":""Allocated Case Worker"",""START_DATE"":""1992-06-30T00:00:00"",""END_DATE"":""2005-04-25T00:00:00"",""WORKER_ID"":-1,""DEPARTMENT_ID"":617}"
0.907926456,F,A1,28/02/1958,Y,NULL
0.242311168,M,A1,01/06/1939,NULL,"{""INVOLVEMENT_ID"":122631,""INVOLVEMENT_TYPE_CODE"":""CSO"",""INVOLVEMENT_TYPE_DESC"":""Main File Holder"",""START_DATE"":""2011-01-28T00:00:00"",""END_DATE"":""2014-03-19T00:00:00"",""WORKER_ID"":6067,""DEPARTMENT_ID"":-1}"
0.751494555,F,A1,24/03/1929,NULL,NULL
0.394629906,F,A1,12/04/2002,NULL,"{""INVOLVEMENT_ID"":31397,""INVOLVEMENT_TYPE_CODE"":""CW"",""INVOLVEMENT_TYPE_DESC"":""Allocated Case Worker"",""START_DATE"":""2007-05-09T00:00:00"",""END_DATE"":""2011-05-18T00:00:00"",""WORKER_ID"":13047,""DEPARTMENT_ID"":-1}"
0.111232939,F,NULL,13/08/1984,Y,NULL
0.445833569,F,A1,21/09/2003,NULL,"{""INVOLVEMENT_ID"":1123,""INVOLVEMENT_TYPE_CODE"":""CW"",""INVOLVEMENT_TYPE_DESC"":""Allocated Case Worker"",""START_DATE"":""2014-02-11T00:00:00"",""END_DATE"":""2015-08-31T00:00:00"",""WORKER_ID"":11256,""DEPARTMENT_ID"":-1}"
0.806149829,F,A1,04/12/2005,NULL,"{""INVOLVEMENT_ID"":28096,""INVOLVEMENT_TYPE_CODE"":""CW"",""INVOLVEMENT_TYPE_DESC"":""Allocated Case Worker"",""START_DATE"":""2005-08-24T00:00:00"",""END_DATE"":""2005-11-22T00:00:00"",""WORKER_ID"":5216,""DEPARTMENT_ID"":-1}"
0.020026636,F,A1,20/01/1969,Y,NULL
0.714959601,M,E4,19/03/1973,NULL,NULL
0.40639639,F,A1,20/09/1968,Y,NULL
0.209857544,F,NULL,20/04/1994,Y,NULL
0.618112235,M,A1,31/03/1991,NULL,"{""INVOLVEMENT_ID"":31401,""INVOLVEMENT_TYPE_CODE"":""CW"",""INVOLVEMENT_TYPE_DESC"":""Allocated Case Worker"",""START_DATE"":""2005-05-24T00:00:00"",""END_DATE"":""2008-02-03T00:00:00"",""WORKER_ID"":13047,""DEPARTMENT_ID"":-1}"
0.036170946,M,A1,11/03/2004,NULL,"{""INVOLVEMENT_ID"":267688,""INVOLVEMENT_TYPE_CODE"":""CW"",""INVOLVEMENT_TYPE_DESC"":""Allocated Case Worker"",""START_DATE"":""2020-06-09T00:00:00"",""END_DATE"":""2020-08-11T00:00:00"",""WORKER_ID"":5241,""DEPARTMENT_ID"":-1}"
0.289526033,F,A3,09/07/1998,NULL,"{""INVOLVEMENT_ID"":31404,""INVOLVEMENT_TYPE_CODE"":""CW"",""INVOLVEMENT_TYPE_DESC"":""Allocated Case Worker"",""START_DATE"":""2008-03-12T00:00:00"",""END_DATE"":""2008-09-15T00:00:00"",""WORKER_ID"":13047,""DEPARTMENT_ID"":-1}"
0.863496397,F,A1,09/09/1975,Y,NULL
0.204709306,M,A1,15/03/1956,NULL,NULL
0.255816618,M,A1,22/05/1990,NULL,NULL
0.364325634,F,A1,23/09/1928,Y,NULL
0.512799904,F,A1,17/04/1999,Y,"{""INVOLVEMENT_ID"":32617,""INVOLVEMENT_TYPE_CODE"":""CW"",""INVOLVEMENT_TYPE_DESC"":""Allocated Case Worker"",""START_DATE"":""2005-04-15T00:00:00"",""END_DATE"":""2012-09-10T00:00:00"",""WORKER_ID"":13047,""DEPARTMENT_ID"":-1}"
0.99319325,M,C4,18/10/1987,NULL,NULL
0.937467295,F,C4,08/05/1958,Y,NULL
0.12099626,M,A1,24/10/1990,NULL,"{""INVOLVEMENT_ID"":36639,""INVOLVEMENT_TYPE_CODE"":""CW"",""INVOLVEMENT_TYPE_DESC"":""Allocated Case Worker"",""START_DATE"":""2005-04-14T00:00:00"",""END_DATE"":""2005-04-25T00:00:00"",""WORKER_ID"":-1,""DEPARTMENT_ID"":617}"
0.964587202,M,A1,14/01/2005,NULL,"{""INVOLVEMENT_ID"":30580,""INVOLVEMENT_TYPE_CODE"":""CW"",""INVOLVEMENT_TYPE_DESC"":""Allocated Case Worker"",""START_DATE"":""2010-01-20T00:00:00"",""END_DATE"":""2010-04-15T00:00:00"",""WORKER_ID"":13047,""DEPARTMENT_ID"":-1}"
0.023141749,M,A1,18/04/1998,NULL,"{""INVOLVEMENT_ID"":31247,""INVOLVEMENT_TYPE_CODE"":""CW"",""INVOLVEMENT_TYPE_DESC"":""Allocated Case Worker"",""START_DATE"":""2015-03-31T00:00:00"",""END_DATE"":""2016-01-18T00:00:00"",""WORKER_ID"":13047,""DEPARTMENT_ID"":-1}"
0.046710531,M,A1,12/12/2004,NULL,"{""INVOLVEMENT_ID"":761,""INVOLVEMENT_TYPE_CODE"":""CW"",""INVOLVEMENT_TYPE_DESC"":""Allocated Case Worker"",""START_DATE"":""2013-12-02T00:00:00"",""END_DATE"":""2014-01-29T00:00:00"",""WORKER_ID"":9443,""DEPARTMENT_ID"":-1}"
0.447610052,M,A1,31/01/2000,NULL,"{""INVOLVEMENT_ID"":110829,""INVOLVEMENT_TYPE_CODE"":""PAO"",""INVOLVEMENT_TYPE_DESC"":""Pnd Allocation OT"",""START_DATE"":""2010-05-20T00:00:00"",""END_DATE"":""2010-09-12T00:00:00"",""WORKER_ID"":-1,""DEPARTMENT_ID"":735}"
0.757587562,M,A1,04/01/2005,NULL,"{""INVOLVEMENT_ID"":631836,""INVOLVEMENT_TYPE_CODE"":""CW"",""INVOLVEMENT_TYPE_DESC"":""Allocated Case Worker"",""START_DATE"":""2022-08-11T00:00:00"",""END_DATE"":""2022-08-12T00:00:00"",""WORKER_ID"":-1,""DEPARTMENT_ID"":-1}"
0.207858309,F,A1,07/10/2002,NULL,NULL
0.180457339,F,A2,12/01/1942,NULL,NULL
0.583931043,F,A1,24/09/2000,NULL,"{""INVOLVEMENT_ID"":30709,""INVOLVEMENT_TYPE_CODE"":""CW"",""INVOLVEMENT_TYPE_DESC"":""Allocated Case Worker"",""START_DATE"":""2006-12-01T00:00:00"",""END_DATE"":""2007-07-30T00:00:00"",""WORKER_ID"":13047,""DEPARTMENT_ID"":-1}"
0.521409001,F,A1,04/06/2004,NULL,"{""INVOLVEMENT_ID"":71807,""INVOLVEMENT_TYPE_CODE"":""CSO"",""INVOLVEMENT_TYPE_DESC"":""Main File Holder"",""START_DATE"":""2005-04-26T00:00:00"",""END_DATE"":""2005-05-10T00:00:00"",""WORKER_ID"":-1,""DEPARTMENT_ID"":617}"
0.799559197,M,A3,22/10/1990,NULL,"{""INVOLVEMENT_ID"":30608,""INVOLVEMENT_TYPE_CODE"":""CW"",""INVOLVEMENT_TYPE_DESC"":""Allocated Case Worker"",""START_DATE"":""2005-05-11T00:00:00"",""END_DATE"":""2007-03-15T00:00:00"",""WORKER_ID"":13047,""DEPARTMENT_ID"":-1}"
0.68606944,F,A1,19/10/1943,Y,NULL
0.798120817,M,A1,04/05/1943,NULL,"{""INVOLVEMENT_ID"":99117,""INVOLVEMENT_TYPE_CODE"":""CSO"",""INVOLVEMENT_TYPE_DESC"":""Main File Holder"",""START_DATE"":""2009-04-01T00:00:00"",""END_DATE"":""2009-10-20T00:00:00"",""WORKER_ID"":5242,""DEPARTMENT_ID"":-1}"
0.609558307,M,A1,28/11/1978,NULL,NULL
0.465442374,F,A1,01/10/1946,NULL,NULL
0.115796019,M,E4,01/10/2002,NULL,"{""INVOLVEMENT_ID"":71447,""INVOLVEMENT_TYPE_CODE"":""CSO"",""INVOLVEMENT_TYPE_DESC"":""Main File Holder"",""START_DATE"":""2005-04-24T00:00:00"",""END_DATE"":""2005-05-25T00:00:00"",""WORKER_ID"":-1,""DEPARTMENT_ID"":617}"
0.53260179,M,A1,25/09/1998,NULL,NULL
0.285496707,M,A1,13/02/1994,NULL,"{""INVOLVEMENT_ID"":31252,""INVOLVEMENT_TYPE_CODE"":""CW"",""INVOLVEMENT_TYPE_DESC"":""Allocated Case Worker"",""START_DATE"":""2009-03-05T00:00:00"",""END_DATE"":""2010-04-14T00:00:00"",""WORKER_ID"":13047,""DEPARTMENT_ID"":-1}"
0.766308632,M,A1,29/09/2003,NULL,"{""INVOLVEMENT_ID"":58958,""INVOLVEMENT_TYPE_CODE"":""CW"",""INVOLVEMENT_TYPE_DESC"":""Allocated Case Worker"",""START_DATE"":""2014-10-03T00:00:00"",""END_DATE"":""2016-02-22T00:00:00"",""WORKER_ID"":12356,""DEPARTMENT_ID"":-1}"
0.512312306,F,A1,23/01/2005,NULL,"{""INVOLVEMENT_ID"":34429,""INVOLVEMENT_TYPE_CODE"":""CW"",""INVOLVEMENT_TYPE_DESC"":""Allocated Case Worker"",""START_DATE"":""2005-06-09T00:00:00"",""END_DATE"":""2005-07-18T00:00:00"",""WORKER_ID"":5079,""DEPARTMENT_ID"":-1}"
0.070595782,M,A1,25/03/1979,NULL,NULL
0.32126902,M,A1,27/11/2004,NULL,"{""INVOLVEMENT_ID"":30611,""INVOLVEMENT_TYPE_CODE"":""CW"",""INVOLVEMENT_TYPE_DESC"":""Allocated Case Worker"",""START_DATE"":""2005-07-06T00:00:00"",""END_DATE"":""2005-07-10T00:00:00"",""WORKER_ID"":13047,""DEPARTMENT_ID"":-1}"
0.102178809,F,A1,02/08/2001,NULL,"{""INVOLVEMENT_ID"":46735,""INVOLVEMENT_TYPE_CODE"":""CW"",""INVOLVEMENT_TYPE_DESC"":""Allocated Case Worker"",""START_DATE"":""2005-05-06T00:00:00"",""END_DATE"":""2005-06-30T00:00:00"",""WORKER_ID"":5562,""DEPARTMENT_ID"":-1}"
0.459802212,F,A1,22/12/1984,Y,NULL
0.81641779,F,A1,13/10/1973,Y,NULL
0.645866369,M,A1,25/03/1992,NULL,"{""INVOLVEMENT_ID"":30589,""INVOLVEMENT_TYPE_CODE"":""CW"",""INVOLVEMENT_TYPE_DESC"":""Allocated Case Worker"",""START_DATE"":""2005-05-09T00:00:00"",""END_DATE"":""2005-06-21T00:00:00"",""WORKER_ID"":13047,""DEPARTMENT_ID"":-1}"
0.260583863,M,A1,21/10/1966,NULL,NULL
0.689973058,M,E4,24/05/1995,NULL,NULL
0.892902277,M,A1,08/02/2003,NULL,"{""INVOLVEMENT_ID"":31382,""INVOLVEMENT_TYPE_CODE"":""CW"",""INVOLVEMENT_TYPE_DESC"":""Allocated Case Worker"",""START_DATE"":""2011-01-27T00:00:00"",""END_DATE"":""2011-05-23T00:00:00"",""WORKER_ID"":13047,""DEPARTMENT_ID"":-1}"
0.725284438,F,A1,25/10/1988,NULL,"{""INVOLVEMENT_ID"":253982,""INVOLVEMENT_TYPE_CODE"":""CW"",""INVOLVEMENT_TYPE_DESC"":""Allocated Case Worker"",""START_DATE"":""2005-05-27T00:00:00"",""END_DATE"":""2005-06-28T00:00:00"",""WORKER_ID"":5432,""DEPARTMENT_ID"":-1}"
0.536584975,F,E4,23/12/1989,Y,"{""INVOLVEMENT_ID"":14786,""INVOLVEMENT_TYPE_CODE"":""CW"",""INVOLVEMENT_TYPE_DESC"":""Allocated Case Worker"",""START_DATE"":""2005-05-17T00:00:00"",""END_DATE"":""2005-05-24T00:00:00"",""WORKER_ID"":5029,""DEPARTMENT_ID"":-1}"
0.678088133,F,A1,15/09/1967,Y,NULL
0.490766676,M,A1,28/07/2003,NULL,"{""INVOLVEMENT_ID"":31359,""INVOLVEMENT_TYPE_CODE"":""CW"",""INVOLVEMENT_TYPE_DESC"":""Allocated Case Worker"",""START_DATE"":""2011-02-04T00:00:00"",""END_DATE"":""2011-09-06T00:00:00"",""WORKER_ID"":13047,""DEPARTMENT_ID"":-1}"
0.735331718,F,A1,29/05/2004,NULL,"{""INVOLVEMENT_ID"":4601,""INVOLVEMENT_TYPE_CODE"":""CW"",""INVOLVEMENT_TYPE_DESC"":""Allocated Case Worker"",""START_DATE"":""2015-01-26T00:00:00"",""END_DATE"":""2015-12-04T00:00:00"",""WORKER_ID"":8411,""DEPARTMENT_ID"":-1}"
0.895197172,F,A3,26/06/1958,Y,NULL
0.780029114,M,B2,29/10/2005,NULL,"{""INVOLVEMENT_ID"":5423,""INVOLVEMENT_TYPE_CODE"":""CW"",""INVOLVEMENT_TYPE_DESC"":""Allocated Case Worker"",""START_DATE"":""2015-11-03T00:00:00"",""END_DATE"":""2016-02-25T00:00:00"",""WORKER_ID"":8650,""DEPARTMENT_ID"":-1}"
0.67074973,F,A1,05/08/2005,Y,"{""INVOLVEMENT_ID"":12193,""INVOLVEMENT_TYPE_CODE"":""CW"",""INVOLVEMENT_TYPE_DESC"":""Allocated Case Worker"",""START_DATE"":""2005-05-18T00:00:00"",""END_DATE"":""2005-05-19T00:00:00"",""WORKER_ID"":156,""DEPARTMENT_ID"":-1}"
0.242547861,M,A1,18/02/2002,NULL,"{""INVOLVEMENT_ID"":1673,""INVOLVEMENT_TYPE_CODE"":""CW"",""INVOLVEMENT_TYPE_DESC"":""Allocated Case Worker"",""START_DATE"":""2014-02-07T00:00:00"",""END_DATE"":""2014-03-12T00:00:00"",""WORKER_ID"":5321,""DEPARTMENT_ID"":-1}"
0.22111262,F,A1,26/10/1926,NULL,NULL
0.604160938,F,A1,31/05/1962,Y,NULL
0.055096963,M,A1,09/09/1968,NULL,NULL
0.287303731,M,A1,01/08/1959,NULL,NULL
0.643533749,F,A1,08/12/2004,NULL,"{""INVOLVEMENT_ID"":85640,""INVOLVEMENT_TYPE_CODE"":""COT"",""INVOLVEMENT_TYPE_DESC"":""OT 1"",""START_DATE"":""2006-09-18T00:00:00"",""END_DATE"":""2006-11-13T00:00:00"",""WORKER_ID"":-1,""DEPARTMENT_ID"":735}"
0.336388602,M,A1,08/08/1999,NULL,"{""INVOLVEMENT_ID"":3295,""INVOLVEMENT_TYPE_CODE"":""CW"",""INVOLVEMENT_TYPE_DESC"":""Allocated Case Worker"",""START_DATE"":""2014-01-27T00:00:00"",""END_DATE"":""2014-04-01T00:00:00"",""WORKER_ID"":7287,""DEPARTMENT_ID"":-1}"
0.441348963,M,A1,11/10/1995,NULL,"{""INVOLVEMENT_ID"":12246,""INVOLVEMENT_TYPE_CODE"":""CW"",""INVOLVEMENT_TYPE_DESC"":""Allocated Case Worker"",""START_DATE"":""2005-05-20T00:00:00"",""END_DATE"":""2005-06-03T00:00:00"",""WORKER_ID"":-1,""DEPARTMENT_ID"":617}"
0.434471933,F,A1,02/01/1974,NULL,NULL
0.861180607,M,A1,13/07/2004,NULL,NULL
0.361435502,M,A1,10/05/2002,NULL,"{""INVOLVEMENT_ID"":32574,""INVOLVEMENT_TYPE_CODE"":""CW"",""INVOLVEMENT_TYPE_DESC"":""Allocated Case Worker"",""START_DATE"":""2005-05-25T00:00:00"",""END_DATE"":""2005-05-25T00:00:00"",""WORKER_ID"":13047,""DEPARTMENT_ID"":-1}"
0.256000237,F,E4,01/04/1994,Y,"{""INVOLVEMENT_ID"":19942,""INVOLVEMENT_TYPE_CODE"":""CW"",""INVOLVEMENT_TYPE_DESC"":""Allocated Case Worker"",""START_DATE"":""2005-05-25T00:00:00"",""END_DATE"":""2005-06-15T00:00:00"",""WORKER_ID"":-1,""DEPARTMENT_ID"":617}"
0.429044504,F,A1,23/03/1991,Y,"{""INVOLVEMENT_ID"":32954,""INVOLVEMENT_TYPE_CODE"":""CW"",""INVOLVEMENT_TYPE_DESC"":""Allocated Case Worker"",""START_DATE"":""2005-11-22T00:00:00"",""END_DATE"":""2005-11-24T00:00:00"",""WORKER_ID"":13047,""DEPARTMENT_ID"":-1}"
0.408466635,M,A1,26/02/1943,NULL,NULL
0.91055819,M,B1,15/11/1992,NULL,"{""INVOLVEMENT_ID"":31514,""INVOLVEMENT_TYPE_CODE"":""CW"",""INVOLVEMENT_TYPE_DESC"":""Allocated Case Worker"",""START_DATE"":""2005-05-26T00:00:00"",""END_DATE"":""2005-05-26T00:00:00"",""WORKER_ID"":13047,""DEPARTMENT_ID"":-1}"
0.846351689,F,A1,28/09/1958,NULL,"{""INVOLVEMENT_ID"":70616,""INVOLVEMENT_TYPE_CODE"":""CSO"",""INVOLVEMENT_TYPE_DESC"":""Main File Holder"",""START_DATE"":""2005-06-09T00:00:00"",""END_DATE"":""2006-08-31T00:00:00"",""WORKER_ID"":-1,""DEPARTMENT_ID"":628}"
0.758041866,M,A1,10/05/1943,NULL,"{""INVOLVEMENT_ID"":307425,""INVOLVEMENT_TYPE_CODE"":""CW"",""INVOLVEMENT_TYPE_DESC"":""Allocated Case Worker"",""START_DATE"":""2023-02-20T00:00:00"",""END_DATE"":""1900-01-01T00:00:00"",""WORKER_ID"":6661,""DEPARTMENT_ID"":-1}"
0.343568826,F,A1,11/04/1948,Y,NULL
0.784352677,F,NULL,01/06/1990,Y,"{""INVOLVEMENT_ID"":12076,""INVOLVEMENT_TYPE_CODE"":""CW"",""INVOLVEMENT_TYPE_DESC"":""Allocated Case Worker"",""START_DATE"":""1994-12-15T00:00:00"",""END_DATE"":""1995-06-02T00:00:00"",""WORKER_ID"":5167,""DEPARTMENT_ID"":-1}"
0.871797692,M,A1,02/10/1997,NULL,"{""INVOLVEMENT_ID"":25149,""INVOLVEMENT_TYPE_CODE"":""CW"",""INVOLVEMENT_TYPE_DESC"":""Allocated Case Worker"",""START_DATE"":""2005-05-27T00:00:00"",""END_DATE"":""2005-07-04T00:00:00"",""WORKER_ID"":6131,""DEPARTMENT_ID"":-1}"
0.829662641,M,A1,30/11/1962,NULL,NULL
0.593058093,F,A1,26/06/1938,NULL,NULL
0.41987242,F,A1,04/08/2003,NULL,"{""INVOLVEMENT_ID"":31306,""INVOLVEMENT_TYPE_CODE"":""CW"",""INVOLVEMENT_TYPE_DESC"":""Allocated Case Worker"",""START_DATE"":""2007-03-23T00:00:00"",""END_DATE"":""2007-03-25T00:00:00"",""WORKER_ID"":13047,""DEPARTMENT_ID"":-1}"
0.712339694,F,B4,23/01/2001,Y,"{""INVOLVEMENT_ID"":19241,""INVOLVEMENT_TYPE_CODE"":""CW"",""INVOLVEMENT_TYPE_DESC"":""Allocated Case Worker"",""START_DATE"":""2005-06-06T00:00:00"",""END_DATE"":""2005-06-22T00:00:00"",""WORKER_ID"":156,""DEPARTMENT_ID"":-1}"
0.15082257,F,B4,11/05/2005,NULL,"{""INVOLVEMENT_ID"":31408,""INVOLVEMENT_TYPE_CODE"":""CW"",""INVOLVEMENT_TYPE_DESC"":""Allocated Case Worker"",""START_DATE"":""2010-04-10T00:00:00"",""END_DATE"":""2010-04-26T00:00:00"",""WORKER_ID"":13047,""DEPARTMENT_ID"":-1}"
0.228327579,M,A1,20/11/1984,NULL,NULL
0.840845981,M,A1,02/06/2005,NULL,"{""INVOLVEMENT_ID"":31409,""INVOLVEMENT_TYPE_CODE"":""CW"",""INVOLVEMENT_TYPE_DESC"":""Allocated Case Worker"",""START_DATE"":""2011-08-01T00:00:00"",""END_DATE"":""2011-08-01T00:00:00"",""WORKER_ID"":13047,""DEPARTMENT_ID"":-1}"
0.74399397,M,A1,28/07/2002,NULL,NULL
0.09460006,M,A1,16/03/2004,NULL,"{""INVOLVEMENT_ID"":33732,""INVOLVEMENT_TYPE_CODE"":""CW"",""INVOLVEMENT_TYPE_DESC"":""Allocated Case Worker"",""START_DATE"":""2009-11-20T00:00:00"",""END_DATE"":""2010-06-28T00:00:00"",""WORKER_ID"":13047,""DEPARTMENT_ID"":-1}"
0.980324394,F,A1,01/02/2004,NULL,"{""INVOLVEMENT_ID"":33109,""INVOLVEMENT_TYPE_CODE"":""CW"",""INVOLVEMENT_TYPE_DESC"":""Allocated Case Worker"",""START_DATE"":""2011-01-19T00:00:00"",""END_DATE"":""2011-03-06T00:00:00"",""WORKER_ID"":13047,""DEPARTMENT_ID"":-1}"
0.115682408,F,A1,28/06/1987,Y,NULL
0.312555419,M,B4,01/10/2000,NULL,"{""INVOLVEMENT_ID"":32782,""INVOLVEMENT_TYPE_CODE"":""CW"",""INVOLVEMENT_TYPE_DESC"":""Allocated Case Worker"",""START_DATE"":""2005-06-17T00:00:00"",""END_DATE"":""2005-06-21T00:00:00"",""WORKER_ID"":13047,""DEPARTMENT_ID"":-1}"
0.931860842,F,A1,21/12/2003,NULL,"{""INVOLVEMENT_ID"":32783,""INVOLVEMENT_TYPE_CODE"":""CW"",""INVOLVEMENT_TYPE_DESC"":""Allocated Case Worker"",""START_DATE"":""2011-08-16T00:00:00"",""END_DATE"":""2011-11-29T00:00:00"",""WORKER_ID"":13047,""DEPARTMENT_ID"":-1}"
0.107716541,M,E4,27/11/1976,NULL,NULL
0.553081545,F,A3,27/07/1957,NULL,NULL
0.593397071,F,A1,06/10/1947,NULL,NULL
0.996591718,M,A1,02/09/1924,NULL,NULL
0.257470191,F,A1,23/12/1989,Y,NULL
0.16384204,F,A3,13/11/2003,NULL,"{""INVOLVEMENT_ID"":61339,""INVOLVEMENT_TYPE_CODE"":""CW"",""INVOLVEMENT_TYPE_DESC"":""Allocated Case Worker"",""START_DATE"":""2006-05-16T00:00:00"",""END_DATE"":""2006-05-16T00:00:00"",""WORKER_ID"":5001,""DEPARTMENT_ID"":-1}"
0.697089967,M,A1,29/05/1990,NULL,NULL
0.29935929,M,A3,22/02/2005,NULL,"{""INVOLVEMENT_ID"":25527,""INVOLVEMENT_TYPE_CODE"":""CW"",""INVOLVEMENT_TYPE_DESC"":""Allocated Case Worker"",""START_DATE"":""2005-01-30T00:00:00"",""END_DATE"":""2005-11-18T00:00:00"",""WORKER_ID"":690,""DEPARTMENT_ID"":-1}"
0.335015076,F,A1,06/02/2003,Y,"{""INVOLVEMENT_ID"":27795,""INVOLVEMENT_TYPE_CODE"":""CW"",""INVOLVEMENT_TYPE_DESC"":""Allocated Case Worker"",""START_DATE"":""2005-06-10T00:00:00"",""END_DATE"":""2005-06-19T00:00:00"",""WORKER_ID"":-1,""DEPARTMENT_ID"":617}"
0.89105539,M,A1,02/01/1985,NULL,NULL
0.140893292,F,A1,24/05/1972,Y,NULL
0.108307147,M,A1,21/06/1996,NULL,"{""INVOLVEMENT_ID"":85917,""INVOLVEMENT_TYPE_CODE"":""CSO"",""INVOLVEMENT_TYPE_DESC"":""Main File Holder"",""START_DATE"":""2007-02-01T00:00:00"",""END_DATE"":""2008-06-10T00:00:00"",""WORKER_ID"":6921,""DEPARTMENT_ID"":-1}"
0.111125227,M,NULL,#VALUE!,NULL,"{""INVOLVEMENT_ID"":122584,""INVOLVEMENT_TYPE_CODE"":""CSO"",""INVOLVEMENT_TYPE_DESC"":""Main File Holder"",""START_DATE"":""2011-01-28T00:00:00"",""END_DATE"":""2015-08-06T00:00:00"",""WORKER_ID"":4958,""DEPARTMENT_ID"":-1}"
0.146979146,M,A1,26/12/2005,NULL,"{""INVOLVEMENT_ID"":32788,""INVOLVEMENT_TYPE_CODE"":""CW"",""INVOLVEMENT_TYPE_DESC"":""Allocated Case Worker"",""START_DATE"":""2009-01-22T00:00:00"",""END_DATE"":""2009-07-26T00:00:00"",""WORKER_ID"":13047,""DEPARTMENT_ID"":-1}"
0.536562685,F,A1,16/10/1971,Y,NULL
0.983757903,F,A1,03/07/2005,Y,"{""INVOLVEMENT_ID"":32848,""INVOLVEMENT_TYPE_CODE"":""CW"",""INVOLVEMENT_TYPE_DESC"":""Allocated Case Worker"",""START_DATE"":""2008-05-15T00:00:00"",""END_DATE"":""2008-07-15T00:00:00"",""WORKER_ID"":13047,""DEPARTMENT_ID"":-1}"
0.399152101,F,A1,07/09/2003,NULL,"{""INVOLVEMENT_ID"":228863,""INVOLVEMENT_TYPE_CODE"":""CW"",""INVOLVEMENT_TYPE_DESC"":""Allocated Case Worker"",""START_DATE"":""2017-07-25T00:00:00"",""END_DATE"":""2017-07-31T00:00:00"",""WORKER_ID"":5083,""DEPARTMENT_ID"":-1}"
0.714331661,F,A1,21/01/1974,Y,NULL
0.254908733,M,A1,12/08/1965,NULL,NULL
0.160050285,M,A5,22/02/1969,NULL,NULL
0.476453026,M,A1,27/02/2002,NULL,"{""INVOLVEMENT_ID"":32871,""INVOLVEMENT_TYPE_CODE"":""CW"",""INVOLVEMENT_TYPE_DESC"":""Allocated Case Worker"",""START_DATE"":""2005-11-30T00:00:00"",""END_DATE"":""2008-11-30T00:00:00"",""WORKER_ID"":13047,""DEPARTMENT_ID"":-1}"
0.969130828,F,A1,27/11/2005,NULL,"{""INVOLVEMENT_ID"":4673,""INVOLVEMENT_TYPE_CODE"":""CW"",""INVOLVEMENT_TYPE_DESC"":""Allocated Case Worker"",""START_DATE"":""2015-03-23T00:00:00"",""END_DATE"":""2015-04-20T00:00:00"",""WORKER_ID"":7135,""DEPARTMENT_ID"":-1}"
0.037031967,F,A1,06/07/2005,NULL,"{""INVOLVEMENT_ID"":63384,""INVOLVEMENT_TYPE_CODE"":""CW"",""INVOLVEMENT_TYPE_DESC"":""Allocated Case Worker"",""START_DATE"":""2005-09-30T00:00:00"",""END_DATE"":""2008-07-11T00:00:00"",""WORKER_ID"":6469,""DEPARTMENT_ID"":-1}"
0.062940865,F,A1,09/10/1998,NULL,"{""INVOLVEMENT_ID"":35325,""INVOLVEMENT_TYPE_CODE"":""CW"",""INVOLVEMENT_TYPE_DESC"":""Allocated Case Worker"",""START_DATE"":""2005-07-21T00:00:00"",""END_DATE"":""2010-10-17T00:00:00"",""WORKER_ID"":13047,""DEPARTMENT_ID"":-1}"
0.501361953,F,A1,30/12/2005,NULL,"{""INVOLVEMENT_ID"":23104,""INVOLVEMENT_TYPE_CODE"":""CW"",""INVOLVEMENT_TYPE_DESC"":""Allocated Case Worker"",""START_DATE"":""2014-09-15T00:00:00"",""END_DATE"":""2015-03-12T00:00:00"",""WORKER_ID"":11891,""DEPARTMENT_ID"":-1}"
0.428552088,F,A1,06/06/1994,Y,"{""INVOLVEMENT_ID"":33740,""INVOLVEMENT_TYPE_CODE"":""CW"",""INVOLVEMENT_TYPE_DESC"":""Allocated Case Worker"",""START_DATE"":""2005-09-15T00:00:00"",""END_DATE"":""2006-02-27T00:00:00"",""WORKER_ID"":13047,""DEPARTMENT_ID"":-1}"
0.128936075,F,A1,04/04/2002,NULL,"{""INVOLVEMENT_ID"":33825,""INVOLVEMENT_TYPE_CODE"":""CW"",""INVOLVEMENT_TYPE_DESC"":""Allocated Case Worker"",""START_DATE"":""2005-07-08T00:00:00"",""END_DATE"":""2013-02-18T00:00:00"",""WORKER_ID"":13047,""DEPARTMENT_ID"":-1}"
